element_id,element_type
0,Euler-Bernoulli-3D
1,Euler-Bernoulli-3D
2,Euler-Bernoulli-3D
3,Euler-Bernoulli-3D
4,Euler-Bernoulli-3D
5,Euler-Bernoulli-3D
6,Euler-Bernoulli-3D
7,Euler-Bernoulli-3D
8,Euler-Bernoulli-3D
9,Euler-Bernoulli-3D
10,Euler-Bernoulli-3D
11,Euler-Bernoulli-3D
12,Euler-Bernoulli-3D
13,Euler-Bernoulli-3D
14,Euler-Bernoulli-3D
15,Euler-Bernoulli-3D
16,Euler-Bernoulli-3D
17,Euler-Bernoulli-3D
18,Euler-Bernoulli-3D
19,Euler-Bernoulli-3D
20,Euler-Bernoulli-3D
21,Euler-Bernoulli-3D
22,Euler-Bernoulli-3D
23,Euler-Bernoulli-3D
24,Euler-Bernoulli-3D
25,Euler-Bernoulli-3D
26,Euler-Bernoulli-3D
27,Euler-Bernoulli-3D
28,Euler-Bernoulli-3D
29,Euler-Bernoulli-3D
30,Euler-Bernoulli-3D
31,Euler-Bernoulli-3D
32,Euler-Bernoulli-3D
33,Euler-Bernoulli-3D
34,Euler-Bernoulli-3D
35,Euler-Bernoulli-3D
36,Euler-Bernoulli-3D
37,Euler-Bernoulli-3D
38,Euler-Bernoulli-3D
39,Euler-Bernoulli-3D
40,Euler-Bernoulli-3D
41,Euler-Bernoulli-3D
42,Euler-Bernoulli-3D
43,Euler-Bernoulli-3D
44,Euler-Bernoulli-3D
45,Euler-Bernoulli-3D
46,Euler-Bernoulli-3D
47,Euler-Bernoulli-3D
48,Euler-Bernoulli-3D
49,Euler-Bernoulli-3D
50,Euler-Bernoulli-3D
51,Euler-Bernoulli-3D
52,Euler-Bernoulli-3D
53,Euler-Bernoulli-3D
54,Euler-Bernoulli-3D
55,Euler-Bernoulli-3D
56,Euler-Bernoulli-3D
57,Euler-Bernoulli-3D
58,Euler-Bernoulli-3D
59,Euler-Bernoulli-3D
60,Euler-Bernoulli-3D
61,Euler-Bernoulli-3D
62,Euler-Bernoulli-3D
63,Euler-Bernoulli-3D
