Element ID,Local DOF,Global DOF,Fixed(1)/Free(0) Flag,Zero(1)/Non-zero(0) Flag,Active(1)/Inactive(0) Flag,Condensed DOF
0,"[0, 1, 2, 3, 4, 5, 6, 7, 8, 9, 10, 11]","[0, 1, 2, 3, 4, 5, 6, 7, 8, 9, 10, 11]","[1, 1, 1, 1, 1, 1, 0, 0, 0, 0, 0, 0]","[0, 0, 0, 0, 0, 0, 0, 0, 0, 0, 0, 0]","[0, 0, 0, 0, 0, 0, 1, 1, 1, 1, 1, 1]","[-1, -1, -1, -1, -1, -1, 0, 1, 2, 3, 4, 5]"
1,"[0, 1, 2, 3, 4, 5, 6, 7, 8, 9, 10, 11]","[6, 7, 8, 9, 10, 11, 12, 13, 14, 15, 16, 17]","[0, 0, 0, 0, 0, 0, 0, 0, 0, 0, 0, 0]","[0, 0, 0, 0, 0, 0, 0, 0, 0, 0, 0, 0]","[1, 1, 1, 1, 1, 1, 1, 1, 1, 1, 1, 1]","[0, 1, 2, 3, 4, 5, 6, 7, 8, 9, 10, 11]"
2,"[0, 1, 2, 3, 4, 5, 6, 7, 8, 9, 10, 11]","[12, 13, 14, 15, 16, 17, 18, 19, 20, 21, 22, 23]","[0, 0, 0, 0, 0, 0, 0, 0, 0, 0, 0, 0]","[0, 0, 0, 0, 0, 0, 0, 0, 0, 0, 0, 0]","[1, 1, 1, 1, 1, 1, 1, 1, 1, 1, 1, 1]","[6, 7, 8, 9, 10, 11, 12, 13, 14, 15, 16, 17]"
3,"[0, 1, 2, 3, 4, 5, 6, 7, 8, 9, 10, 11]","[18, 19, 20, 21, 22, 23, 24, 25, 26, 27, 28, 29]","[0, 0, 0, 0, 0, 0, 0, 0, 0, 0, 0, 0]","[0, 0, 0, 0, 0, 0, 0, 0, 0, 0, 0, 0]","[1, 1, 1, 1, 1, 1, 1, 1, 1, 1, 1, 1]","[12, 13, 14, 15, 16, 17, 18, 19, 20, 21, 22, 23]"
4,"[0, 1, 2, 3, 4, 5, 6, 7, 8, 9, 10, 11]","[24, 25, 26, 27, 28, 29, 30, 31, 32, 33, 34, 35]","[0, 0, 0, 0, 0, 0, 0, 0, 0, 0, 0, 0]","[0, 0, 0, 0, 0, 0, 0, 0, 0, 0, 0, 0]","[1, 1, 1, 1, 1, 1, 1, 1, 1, 1, 1, 1]","[18, 19, 20, 21, 22, 23, 24, 25, 26, 27, 28, 29]"
5,"[0, 1, 2, 3, 4, 5, 6, 7, 8, 9, 10, 11]","[30, 31, 32, 33, 34, 35, 36, 37, 38, 39, 40, 41]","[0, 0, 0, 0, 0, 0, 0, 0, 0, 0, 0, 0]","[0, 0, 0, 0, 0, 0, 0, 0, 0, 0, 0, 0]","[1, 1, 1, 1, 1, 1, 1, 1, 1, 1, 1, 1]","[24, 25, 26, 27, 28, 29, 30, 31, 32, 33, 34, 35]"
6,"[0, 1, 2, 3, 4, 5, 6, 7, 8, 9, 10, 11]","[36, 37, 38, 39, 40, 41, 42, 43, 44, 45, 46, 47]","[0, 0, 0, 0, 0, 0, 0, 0, 0, 0, 0, 0]","[0, 0, 0, 0, 0, 0, 0, 0, 0, 0, 0, 0]","[1, 1, 1, 1, 1, 1, 1, 1, 1, 1, 1, 1]","[30, 31, 32, 33, 34, 35, 36, 37, 38, 39, 40, 41]"
7,"[0, 1, 2, 3, 4, 5, 6, 7, 8, 9, 10, 11]","[42, 43, 44, 45, 46, 47, 48, 49, 50, 51, 52, 53]","[0, 0, 0, 0, 0, 0, 0, 0, 0, 0, 0, 0]","[0, 0, 0, 0, 0, 0, 0, 0, 0, 0, 0, 0]","[1, 1, 1, 1, 1, 1, 1, 1, 1, 1, 1, 1]","[36, 37, 38, 39, 40, 41, 42, 43, 44, 45, 46, 47]"
8,"[0, 1, 2, 3, 4, 5, 6, 7, 8, 9, 10, 11]","[48, 49, 50, 51, 52, 53, 54, 55, 56, 57, 58, 59]","[0, 0, 0, 0, 0, 0, 0, 0, 0, 0, 0, 0]","[0, 0, 0, 0, 0, 0, 0, 0, 0, 0, 0, 0]","[1, 1, 1, 1, 1, 1, 1, 1, 1, 1, 1, 1]","[42, 43, 44, 45, 46, 47, 48, 49, 50, 51, 52, 53]"
9,"[0, 1, 2, 3, 4, 5, 6, 7, 8, 9, 10, 11]","[54, 55, 56, 57, 58, 59, 60, 61, 62, 63, 64, 65]","[0, 0, 0, 0, 0, 0, 0, 0, 0, 0, 0, 0]","[0, 0, 0, 0, 0, 0, 0, 0, 0, 0, 0, 0]","[1, 1, 1, 1, 1, 1, 1, 1, 1, 1, 1, 1]","[48, 49, 50, 51, 52, 53, 54, 55, 56, 57, 58, 59]"
10,"[0, 1, 2, 3, 4, 5, 6, 7, 8, 9, 10, 11]","[60, 61, 62, 63, 64, 65, 66, 67, 68, 69, 70, 71]","[0, 0, 0, 0, 0, 0, 0, 0, 0, 0, 0, 0]","[0, 0, 0, 0, 0, 0, 0, 0, 0, 0, 0, 0]","[1, 1, 1, 1, 1, 1, 1, 1, 1, 1, 1, 1]","[54, 55, 56, 57, 58, 59, 60, 61, 62, 63, 64, 65]"
11,"[0, 1, 2, 3, 4, 5, 6, 7, 8, 9, 10, 11]","[66, 67, 68, 69, 70, 71, 72, 73, 74, 75, 76, 77]","[0, 0, 0, 0, 0, 0, 0, 0, 0, 0, 0, 0]","[0, 0, 0, 0, 0, 0, 0, 0, 0, 0, 0, 0]","[1, 1, 1, 1, 1, 1, 1, 1, 1, 1, 1, 1]","[60, 61, 62, 63, 64, 65, 66, 67, 68, 69, 70, 71]"
12,"[0, 1, 2, 3, 4, 5, 6, 7, 8, 9, 10, 11]","[72, 73, 74, 75, 76, 77, 78, 79, 80, 81, 82, 83]","[0, 0, 0, 0, 0, 0, 0, 0, 0, 0, 0, 0]","[0, 0, 0, 0, 0, 0, 0, 0, 0, 0, 0, 0]","[1, 1, 1, 1, 1, 1, 1, 1, 1, 1, 1, 1]","[66, 67, 68, 69, 70, 71, 72, 73, 74, 75, 76, 77]"
13,"[0, 1, 2, 3, 4, 5, 6, 7, 8, 9, 10, 11]","[78, 79, 80, 81, 82, 83, 84, 85, 86, 87, 88, 89]","[0, 0, 0, 0, 0, 0, 0, 0, 0, 0, 0, 0]","[0, 0, 0, 0, 0, 0, 0, 0, 0, 0, 0, 0]","[1, 1, 1, 1, 1, 1, 1, 1, 1, 1, 1, 1]","[72, 73, 74, 75, 76, 77, 78, 79, 80, 81, 82, 83]"
14,"[0, 1, 2, 3, 4, 5, 6, 7, 8, 9, 10, 11]","[84, 85, 86, 87, 88, 89, 90, 91, 92, 93, 94, 95]","[0, 0, 0, 0, 0, 0, 0, 0, 0, 0, 0, 0]","[0, 0, 0, 0, 0, 0, 0, 0, 0, 0, 0, 0]","[1, 1, 1, 1, 1, 1, 1, 1, 1, 1, 1, 1]","[78, 79, 80, 81, 82, 83, 84, 85, 86, 87, 88, 89]"
15,"[0, 1, 2, 3, 4, 5, 6, 7, 8, 9, 10, 11]","[90, 91, 92, 93, 94, 95, 96, 97, 98, 99, 100, 101]","[0, 0, 0, 0, 0, 0, 0, 0, 0, 0, 0, 0]","[0, 0, 0, 0, 0, 0, 0, 0, 0, 0, 0, 0]","[1, 1, 1, 1, 1, 1, 1, 1, 1, 1, 1, 1]","[84, 85, 86, 87, 88, 89, 90, 91, 92, 93, 94, 95]"
16,"[0, 1, 2, 3, 4, 5, 6, 7, 8, 9, 10, 11]","[96, 97, 98, 99, 100, 101, 102, 103, 104, 105, 106, 107]","[0, 0, 0, 0, 0, 0, 0, 0, 0, 0, 0, 0]","[0, 0, 0, 0, 0, 0, 0, 0, 0, 0, 0, 0]","[1, 1, 1, 1, 1, 1, 1, 1, 1, 1, 1, 1]","[90, 91, 92, 93, 94, 95, 96, 97, 98, 99, 100, 101]"
17,"[0, 1, 2, 3, 4, 5, 6, 7, 8, 9, 10, 11]","[102, 103, 104, 105, 106, 107, 108, 109, 110, 111, 112, 113]","[0, 0, 0, 0, 0, 0, 0, 0, 0, 0, 0, 0]","[0, 0, 0, 0, 0, 0, 0, 0, 0, 0, 0, 0]","[1, 1, 1, 1, 1, 1, 1, 1, 1, 1, 1, 1]","[96, 97, 98, 99, 100, 101, 102, 103, 104, 105, 106, 107]"
18,"[0, 1, 2, 3, 4, 5, 6, 7, 8, 9, 10, 11]","[108, 109, 110, 111, 112, 113, 114, 115, 116, 117, 118, 119]","[0, 0, 0, 0, 0, 0, 0, 0, 0, 0, 0, 0]","[0, 0, 0, 0, 0, 0, 0, 0, 0, 0, 0, 0]","[1, 1, 1, 1, 1, 1, 1, 1, 1, 1, 1, 1]","[102, 103, 104, 105, 106, 107, 108, 109, 110, 111, 112, 113]"
19,"[0, 1, 2, 3, 4, 5, 6, 7, 8, 9, 10, 11]","[114, 115, 116, 117, 118, 119, 120, 121, 122, 123, 124, 125]","[0, 0, 0, 0, 0, 0, 0, 0, 0, 0, 0, 0]","[0, 0, 0, 0, 0, 0, 0, 0, 0, 0, 0, 0]","[1, 1, 1, 1, 1, 1, 1, 1, 1, 1, 1, 1]","[108, 109, 110, 111, 112, 113, 114, 115, 116, 117, 118, 119]"
20,"[0, 1, 2, 3, 4, 5, 6, 7, 8, 9, 10, 11]","[120, 121, 122, 123, 124, 125, 126, 127, 128, 129, 130, 131]","[0, 0, 0, 0, 0, 0, 0, 0, 0, 0, 0, 0]","[0, 0, 0, 0, 0, 0, 0, 0, 0, 0, 0, 0]","[1, 1, 1, 1, 1, 1, 1, 1, 1, 1, 1, 1]","[114, 115, 116, 117, 118, 119, 120, 121, 122, 123, 124, 125]"
21,"[0, 1, 2, 3, 4, 5, 6, 7, 8, 9, 10, 11]","[126, 127, 128, 129, 130, 131, 132, 133, 134, 135, 136, 137]","[0, 0, 0, 0, 0, 0, 0, 0, 0, 0, 0, 0]","[0, 0, 0, 0, 0, 0, 0, 0, 0, 0, 0, 0]","[1, 1, 1, 1, 1, 1, 1, 1, 1, 1, 1, 1]","[120, 121, 122, 123, 124, 125, 126, 127, 128, 129, 130, 131]"
22,"[0, 1, 2, 3, 4, 5, 6, 7, 8, 9, 10, 11]","[132, 133, 134, 135, 136, 137, 138, 139, 140, 141, 142, 143]","[0, 0, 0, 0, 0, 0, 0, 0, 0, 0, 0, 0]","[0, 0, 0, 0, 0, 0, 0, 0, 0, 0, 0, 0]","[1, 1, 1, 1, 1, 1, 1, 1, 1, 1, 1, 1]","[126, 127, 128, 129, 130, 131, 132, 133, 134, 135, 136, 137]"
23,"[0, 1, 2, 3, 4, 5, 6, 7, 8, 9, 10, 11]","[138, 139, 140, 141, 142, 143, 144, 145, 146, 147, 148, 149]","[0, 0, 0, 0, 0, 0, 0, 0, 0, 0, 0, 0]","[0, 0, 0, 0, 0, 0, 0, 0, 0, 0, 0, 0]","[1, 1, 1, 1, 1, 1, 1, 1, 1, 1, 1, 1]","[132, 133, 134, 135, 136, 137, 138, 139, 140, 141, 142, 143]"
24,"[0, 1, 2, 3, 4, 5, 6, 7, 8, 9, 10, 11]","[144, 145, 146, 147, 148, 149, 150, 151, 152, 153, 154, 155]","[0, 0, 0, 0, 0, 0, 0, 0, 0, 0, 0, 0]","[0, 0, 0, 0, 0, 0, 0, 0, 0, 0, 0, 0]","[1, 1, 1, 1, 1, 1, 1, 1, 1, 1, 1, 1]","[138, 139, 140, 141, 142, 143, 144, 145, 146, 147, 148, 149]"
25,"[0, 1, 2, 3, 4, 5, 6, 7, 8, 9, 10, 11]","[150, 151, 152, 153, 154, 155, 156, 157, 158, 159, 160, 161]","[0, 0, 0, 0, 0, 0, 0, 0, 0, 0, 0, 0]","[0, 0, 0, 0, 0, 0, 0, 0, 0, 0, 0, 0]","[1, 1, 1, 1, 1, 1, 1, 1, 1, 1, 1, 1]","[144, 145, 146, 147, 148, 149, 150, 151, 152, 153, 154, 155]"
26,"[0, 1, 2, 3, 4, 5, 6, 7, 8, 9, 10, 11]","[156, 157, 158, 159, 160, 161, 162, 163, 164, 165, 166, 167]","[0, 0, 0, 0, 0, 0, 0, 0, 0, 0, 0, 0]","[0, 0, 0, 0, 0, 0, 0, 0, 0, 0, 0, 0]","[1, 1, 1, 1, 1, 1, 1, 1, 1, 1, 1, 1]","[150, 151, 152, 153, 154, 155, 156, 157, 158, 159, 160, 161]"
27,"[0, 1, 2, 3, 4, 5, 6, 7, 8, 9, 10, 11]","[162, 163, 164, 165, 166, 167, 168, 169, 170, 171, 172, 173]","[0, 0, 0, 0, 0, 0, 0, 0, 0, 0, 0, 0]","[0, 0, 0, 0, 0, 0, 0, 0, 0, 0, 0, 0]","[1, 1, 1, 1, 1, 1, 1, 1, 1, 1, 1, 1]","[156, 157, 158, 159, 160, 161, 162, 163, 164, 165, 166, 167]"
28,"[0, 1, 2, 3, 4, 5, 6, 7, 8, 9, 10, 11]","[168, 169, 170, 171, 172, 173, 174, 175, 176, 177, 178, 179]","[0, 0, 0, 0, 0, 0, 0, 0, 0, 0, 0, 0]","[0, 0, 0, 0, 0, 0, 0, 0, 0, 0, 0, 0]","[1, 1, 1, 1, 1, 1, 1, 1, 1, 1, 1, 1]","[162, 163, 164, 165, 166, 167, 168, 169, 170, 171, 172, 173]"
29,"[0, 1, 2, 3, 4, 5, 6, 7, 8, 9, 10, 11]","[174, 175, 176, 177, 178, 179, 180, 181, 182, 183, 184, 185]","[0, 0, 0, 0, 0, 0, 0, 0, 0, 0, 0, 0]","[0, 0, 0, 0, 0, 0, 0, 0, 0, 0, 0, 0]","[1, 1, 1, 1, 1, 1, 1, 1, 1, 1, 1, 1]","[168, 169, 170, 171, 172, 173, 174, 175, 176, 177, 178, 179]"
30,"[0, 1, 2, 3, 4, 5, 6, 7, 8, 9, 10, 11]","[180, 181, 182, 183, 184, 185, 186, 187, 188, 189, 190, 191]","[0, 0, 0, 0, 0, 0, 0, 0, 0, 0, 0, 0]","[0, 0, 0, 0, 0, 0, 0, 0, 0, 0, 0, 0]","[1, 1, 1, 1, 1, 1, 1, 1, 1, 1, 1, 1]","[174, 175, 176, 177, 178, 179, 180, 181, 182, 183, 184, 185]"
31,"[0, 1, 2, 3, 4, 5, 6, 7, 8, 9, 10, 11]","[186, 187, 188, 189, 190, 191, 192, 193, 194, 195, 196, 197]","[0, 0, 0, 0, 0, 0, 0, 0, 0, 0, 0, 0]","[0, 0, 0, 0, 0, 0, 0, 0, 0, 0, 0, 0]","[1, 1, 1, 1, 1, 1, 1, 1, 1, 1, 1, 1]","[180, 181, 182, 183, 184, 185, 186, 187, 188, 189, 190, 191]"
32,"[0, 1, 2, 3, 4, 5, 6, 7, 8, 9, 10, 11]","[192, 193, 194, 195, 196, 197, 198, 199, 200, 201, 202, 203]","[0, 0, 0, 0, 0, 0, 0, 0, 0, 0, 0, 0]","[0, 0, 0, 0, 0, 0, 0, 0, 0, 0, 0, 0]","[1, 1, 1, 1, 1, 1, 1, 1, 1, 1, 1, 1]","[186, 187, 188, 189, 190, 191, 192, 193, 194, 195, 196, 197]"
33,"[0, 1, 2, 3, 4, 5, 6, 7, 8, 9, 10, 11]","[198, 199, 200, 201, 202, 203, 204, 205, 206, 207, 208, 209]","[0, 0, 0, 0, 0, 0, 0, 0, 0, 0, 0, 0]","[0, 0, 0, 0, 0, 0, 0, 0, 0, 0, 0, 0]","[1, 1, 1, 1, 1, 1, 1, 1, 1, 1, 1, 1]","[192, 193, 194, 195, 196, 197, 198, 199, 200, 201, 202, 203]"
34,"[0, 1, 2, 3, 4, 5, 6, 7, 8, 9, 10, 11]","[204, 205, 206, 207, 208, 209, 210, 211, 212, 213, 214, 215]","[0, 0, 0, 0, 0, 0, 0, 0, 0, 0, 0, 0]","[0, 0, 0, 0, 0, 0, 0, 0, 0, 0, 0, 0]","[1, 1, 1, 1, 1, 1, 1, 1, 1, 1, 1, 1]","[198, 199, 200, 201, 202, 203, 204, 205, 206, 207, 208, 209]"
35,"[0, 1, 2, 3, 4, 5, 6, 7, 8, 9, 10, 11]","[210, 211, 212, 213, 214, 215, 216, 217, 218, 219, 220, 221]","[0, 0, 0, 0, 0, 0, 0, 0, 0, 0, 0, 0]","[0, 0, 0, 0, 0, 0, 0, 0, 0, 0, 0, 0]","[1, 1, 1, 1, 1, 1, 1, 1, 1, 1, 1, 1]","[204, 205, 206, 207, 208, 209, 210, 211, 212, 213, 214, 215]"
36,"[0, 1, 2, 3, 4, 5, 6, 7, 8, 9, 10, 11]","[216, 217, 218, 219, 220, 221, 222, 223, 224, 225, 226, 227]","[0, 0, 0, 0, 0, 0, 0, 0, 0, 0, 0, 0]","[0, 0, 0, 0, 0, 0, 0, 0, 0, 0, 0, 0]","[1, 1, 1, 1, 1, 1, 1, 1, 1, 1, 1, 1]","[210, 211, 212, 213, 214, 215, 216, 217, 218, 219, 220, 221]"
37,"[0, 1, 2, 3, 4, 5, 6, 7, 8, 9, 10, 11]","[222, 223, 224, 225, 226, 227, 228, 229, 230, 231, 232, 233]","[0, 0, 0, 0, 0, 0, 0, 0, 0, 0, 0, 0]","[0, 0, 0, 0, 0, 0, 0, 0, 0, 0, 0, 0]","[1, 1, 1, 1, 1, 1, 1, 1, 1, 1, 1, 1]","[216, 217, 218, 219, 220, 221, 222, 223, 224, 225, 226, 227]"
38,"[0, 1, 2, 3, 4, 5, 6, 7, 8, 9, 10, 11]","[228, 229, 230, 231, 232, 233, 234, 235, 236, 237, 238, 239]","[0, 0, 0, 0, 0, 0, 0, 0, 0, 0, 0, 0]","[0, 0, 0, 0, 0, 0, 0, 0, 0, 0, 0, 0]","[1, 1, 1, 1, 1, 1, 1, 1, 1, 1, 1, 1]","[222, 223, 224, 225, 226, 227, 228, 229, 230, 231, 232, 233]"
39,"[0, 1, 2, 3, 4, 5, 6, 7, 8, 9, 10, 11]","[234, 235, 236, 237, 238, 239, 240, 241, 242, 243, 244, 245]","[0, 0, 0, 0, 0, 0, 0, 0, 0, 0, 0, 0]","[0, 0, 0, 0, 0, 0, 0, 0, 0, 0, 0, 0]","[1, 1, 1, 1, 1, 1, 1, 1, 1, 1, 1, 1]","[228, 229, 230, 231, 232, 233, 234, 235, 236, 237, 238, 239]"
40,"[0, 1, 2, 3, 4, 5, 6, 7, 8, 9, 10, 11]","[240, 241, 242, 243, 244, 245, 246, 247, 248, 249, 250, 251]","[0, 0, 0, 0, 0, 0, 0, 0, 0, 0, 0, 0]","[0, 0, 0, 0, 0, 0, 0, 0, 0, 0, 0, 0]","[1, 1, 1, 1, 1, 1, 1, 1, 1, 1, 1, 1]","[234, 235, 236, 237, 238, 239, 240, 241, 242, 243, 244, 245]"
41,"[0, 1, 2, 3, 4, 5, 6, 7, 8, 9, 10, 11]","[246, 247, 248, 249, 250, 251, 252, 253, 254, 255, 256, 257]","[0, 0, 0, 0, 0, 0, 0, 0, 0, 0, 0, 0]","[0, 0, 0, 0, 0, 0, 0, 0, 0, 0, 0, 0]","[1, 1, 1, 1, 1, 1, 1, 1, 1, 1, 1, 1]","[240, 241, 242, 243, 244, 245, 246, 247, 248, 249, 250, 251]"
42,"[0, 1, 2, 3, 4, 5, 6, 7, 8, 9, 10, 11]","[252, 253, 254, 255, 256, 257, 258, 259, 260, 261, 262, 263]","[0, 0, 0, 0, 0, 0, 0, 0, 0, 0, 0, 0]","[0, 0, 0, 0, 0, 0, 0, 0, 0, 0, 0, 0]","[1, 1, 1, 1, 1, 1, 1, 1, 1, 1, 1, 1]","[246, 247, 248, 249, 250, 251, 252, 253, 254, 255, 256, 257]"
43,"[0, 1, 2, 3, 4, 5, 6, 7, 8, 9, 10, 11]","[258, 259, 260, 261, 262, 263, 264, 265, 266, 267, 268, 269]","[0, 0, 0, 0, 0, 0, 0, 0, 0, 0, 0, 0]","[0, 0, 0, 0, 0, 0, 0, 0, 0, 0, 0, 0]","[1, 1, 1, 1, 1, 1, 1, 1, 1, 1, 1, 1]","[252, 253, 254, 255, 256, 257, 258, 259, 260, 261, 262, 263]"
44,"[0, 1, 2, 3, 4, 5, 6, 7, 8, 9, 10, 11]","[264, 265, 266, 267, 268, 269, 270, 271, 272, 273, 274, 275]","[0, 0, 0, 0, 0, 0, 0, 0, 0, 0, 0, 0]","[0, 0, 0, 0, 0, 0, 0, 0, 0, 0, 0, 0]","[1, 1, 1, 1, 1, 1, 1, 1, 1, 1, 1, 1]","[258, 259, 260, 261, 262, 263, 264, 265, 266, 267, 268, 269]"
45,"[0, 1, 2, 3, 4, 5, 6, 7, 8, 9, 10, 11]","[270, 271, 272, 273, 274, 275, 276, 277, 278, 279, 280, 281]","[0, 0, 0, 0, 0, 0, 0, 0, 0, 0, 0, 0]","[0, 0, 0, 0, 0, 0, 0, 0, 0, 0, 0, 0]","[1, 1, 1, 1, 1, 1, 1, 1, 1, 1, 1, 1]","[264, 265, 266, 267, 268, 269, 270, 271, 272, 273, 274, 275]"
46,"[0, 1, 2, 3, 4, 5, 6, 7, 8, 9, 10, 11]","[276, 277, 278, 279, 280, 281, 282, 283, 284, 285, 286, 287]","[0, 0, 0, 0, 0, 0, 0, 0, 0, 0, 0, 0]","[0, 0, 0, 0, 0, 0, 0, 0, 0, 0, 0, 0]","[1, 1, 1, 1, 1, 1, 1, 1, 1, 1, 1, 1]","[270, 271, 272, 273, 274, 275, 276, 277, 278, 279, 280, 281]"
47,"[0, 1, 2, 3, 4, 5, 6, 7, 8, 9, 10, 11]","[282, 283, 284, 285, 286, 287, 288, 289, 290, 291, 292, 293]","[0, 0, 0, 0, 0, 0, 0, 0, 0, 0, 0, 0]","[0, 0, 0, 0, 0, 0, 0, 0, 0, 0, 0, 0]","[1, 1, 1, 1, 1, 1, 1, 1, 1, 1, 1, 1]","[276, 277, 278, 279, 280, 281, 282, 283, 284, 285, 286, 287]"
48,"[0, 1, 2, 3, 4, 5, 6, 7, 8, 9, 10, 11]","[288, 289, 290, 291, 292, 293, 294, 295, 296, 297, 298, 299]","[0, 0, 0, 0, 0, 0, 0, 0, 0, 0, 0, 0]","[0, 0, 0, 0, 0, 0, 0, 0, 0, 0, 0, 0]","[1, 1, 1, 1, 1, 1, 1, 1, 1, 1, 1, 1]","[282, 283, 284, 285, 286, 287, 288, 289, 290, 291, 292, 293]"
49,"[0, 1, 2, 3, 4, 5, 6, 7, 8, 9, 10, 11]","[294, 295, 296, 297, 298, 299, 300, 301, 302, 303, 304, 305]","[0, 0, 0, 0, 0, 0, 0, 0, 0, 0, 0, 0]","[0, 0, 0, 0, 0, 0, 0, 0, 0, 0, 0, 0]","[1, 1, 1, 1, 1, 1, 1, 1, 1, 1, 1, 1]","[288, 289, 290, 291, 292, 293, 294, 295, 296, 297, 298, 299]"
50,"[0, 1, 2, 3, 4, 5, 6, 7, 8, 9, 10, 11]","[300, 301, 302, 303, 304, 305, 306, 307, 308, 309, 310, 311]","[0, 0, 0, 0, 0, 0, 0, 0, 0, 0, 0, 0]","[0, 0, 0, 0, 0, 0, 0, 0, 0, 0, 0, 0]","[1, 1, 1, 1, 1, 1, 1, 1, 1, 1, 1, 1]","[294, 295, 296, 297, 298, 299, 300, 301, 302, 303, 304, 305]"
51,"[0, 1, 2, 3, 4, 5, 6, 7, 8, 9, 10, 11]","[306, 307, 308, 309, 310, 311, 312, 313, 314, 315, 316, 317]","[0, 0, 0, 0, 0, 0, 0, 0, 0, 0, 0, 0]","[0, 0, 0, 0, 0, 0, 0, 0, 0, 0, 0, 0]","[1, 1, 1, 1, 1, 1, 1, 1, 1, 1, 1, 1]","[300, 301, 302, 303, 304, 305, 306, 307, 308, 309, 310, 311]"
52,"[0, 1, 2, 3, 4, 5, 6, 7, 8, 9, 10, 11]","[312, 313, 314, 315, 316, 317, 318, 319, 320, 321, 322, 323]","[0, 0, 0, 0, 0, 0, 0, 0, 0, 0, 0, 0]","[0, 0, 0, 0, 0, 0, 0, 0, 0, 0, 0, 0]","[1, 1, 1, 1, 1, 1, 1, 1, 1, 1, 1, 1]","[306, 307, 308, 309, 310, 311, 312, 313, 314, 315, 316, 317]"
53,"[0, 1, 2, 3, 4, 5, 6, 7, 8, 9, 10, 11]","[318, 319, 320, 321, 322, 323, 324, 325, 326, 327, 328, 329]","[0, 0, 0, 0, 0, 0, 0, 0, 0, 0, 0, 0]","[0, 0, 0, 0, 0, 0, 0, 0, 0, 0, 0, 0]","[1, 1, 1, 1, 1, 1, 1, 1, 1, 1, 1, 1]","[312, 313, 314, 315, 316, 317, 318, 319, 320, 321, 322, 323]"
54,"[0, 1, 2, 3, 4, 5, 6, 7, 8, 9, 10, 11]","[324, 325, 326, 327, 328, 329, 330, 331, 332, 333, 334, 335]","[0, 0, 0, 0, 0, 0, 0, 0, 0, 0, 0, 0]","[0, 0, 0, 0, 0, 0, 0, 0, 0, 0, 0, 0]","[1, 1, 1, 1, 1, 1, 1, 1, 1, 1, 1, 1]","[318, 319, 320, 321, 322, 323, 324, 325, 326, 327, 328, 329]"
55,"[0, 1, 2, 3, 4, 5, 6, 7, 8, 9, 10, 11]","[330, 331, 332, 333, 334, 335, 336, 337, 338, 339, 340, 341]","[0, 0, 0, 0, 0, 0, 0, 0, 0, 0, 0, 0]","[0, 0, 0, 0, 0, 0, 0, 0, 0, 0, 0, 0]","[1, 1, 1, 1, 1, 1, 1, 1, 1, 1, 1, 1]","[324, 325, 326, 327, 328, 329, 330, 331, 332, 333, 334, 335]"
56,"[0, 1, 2, 3, 4, 5, 6, 7, 8, 9, 10, 11]","[336, 337, 338, 339, 340, 341, 342, 343, 344, 345, 346, 347]","[0, 0, 0, 0, 0, 0, 0, 0, 0, 0, 0, 0]","[0, 0, 0, 0, 0, 0, 0, 0, 0, 0, 0, 0]","[1, 1, 1, 1, 1, 1, 1, 1, 1, 1, 1, 1]","[330, 331, 332, 333, 334, 335, 336, 337, 338, 339, 340, 341]"
57,"[0, 1, 2, 3, 4, 5, 6, 7, 8, 9, 10, 11]","[342, 343, 344, 345, 346, 347, 348, 349, 350, 351, 352, 353]","[0, 0, 0, 0, 0, 0, 0, 0, 0, 0, 0, 0]","[0, 0, 0, 0, 0, 0, 0, 0, 0, 0, 0, 0]","[1, 1, 1, 1, 1, 1, 1, 1, 1, 1, 1, 1]","[336, 337, 338, 339, 340, 341, 342, 343, 344, 345, 346, 347]"
58,"[0, 1, 2, 3, 4, 5, 6, 7, 8, 9, 10, 11]","[348, 349, 350, 351, 352, 353, 354, 355, 356, 357, 358, 359]","[0, 0, 0, 0, 0, 0, 0, 0, 0, 0, 0, 0]","[0, 0, 0, 0, 0, 0, 0, 0, 0, 0, 0, 0]","[1, 1, 1, 1, 1, 1, 1, 1, 1, 1, 1, 1]","[342, 343, 344, 345, 346, 347, 348, 349, 350, 351, 352, 353]"
59,"[0, 1, 2, 3, 4, 5, 6, 7, 8, 9, 10, 11]","[354, 355, 356, 357, 358, 359, 360, 361, 362, 363, 364, 365]","[0, 0, 0, 0, 0, 0, 0, 0, 0, 0, 0, 0]","[0, 0, 0, 0, 0, 0, 0, 0, 0, 0, 0, 0]","[1, 1, 1, 1, 1, 1, 1, 1, 1, 1, 1, 1]","[348, 349, 350, 351, 352, 353, 354, 355, 356, 357, 358, 359]"
60,"[0, 1, 2, 3, 4, 5, 6, 7, 8, 9, 10, 11]","[360, 361, 362, 363, 364, 365, 366, 367, 368, 369, 370, 371]","[0, 0, 0, 0, 0, 0, 0, 0, 0, 0, 0, 0]","[0, 0, 0, 0, 0, 0, 0, 0, 0, 0, 0, 0]","[1, 1, 1, 1, 1, 1, 1, 1, 1, 1, 1, 1]","[354, 355, 356, 357, 358, 359, 360, 361, 362, 363, 364, 365]"
61,"[0, 1, 2, 3, 4, 5, 6, 7, 8, 9, 10, 11]","[366, 367, 368, 369, 370, 371, 372, 373, 374, 375, 376, 377]","[0, 0, 0, 0, 0, 0, 0, 0, 0, 0, 0, 0]","[0, 0, 0, 0, 0, 0, 0, 0, 0, 0, 0, 0]","[1, 1, 1, 1, 1, 1, 1, 1, 1, 1, 1, 1]","[360, 361, 362, 363, 364, 365, 366, 367, 368, 369, 370, 371]"
62,"[0, 1, 2, 3, 4, 5, 6, 7, 8, 9, 10, 11]","[372, 373, 374, 375, 376, 377, 378, 379, 380, 381, 382, 383]","[0, 0, 0, 0, 0, 0, 0, 0, 0, 0, 0, 0]","[0, 0, 0, 0, 0, 0, 0, 0, 0, 0, 0, 0]","[1, 1, 1, 1, 1, 1, 1, 1, 1, 1, 1, 1]","[366, 367, 368, 369, 370, 371, 372, 373, 374, 375, 376, 377]"
63,"[0, 1, 2, 3, 4, 5, 6, 7, 8, 9, 10, 11]","[378, 379, 380, 381, 382, 383, 384, 385, 386, 387, 388, 389]","[0, 0, 0, 0, 0, 0, 0, 0, 0, 0, 0, 0]","[0, 0, 0, 0, 0, 0, 0, 0, 0, 0, 0, 0]","[1, 1, 1, 1, 1, 1, 1, 1, 1, 1, 1, 1]","[372, 373, 374, 375, 376, 377, 378, 379, 380, 381, 382, 383]"
64,"[0, 1, 2, 3, 4, 5, 6, 7, 8, 9, 10, 11]","[384, 385, 386, 387, 388, 389, 390, 391, 392, 393, 394, 395]","[0, 0, 0, 0, 0, 0, 0, 0, 0, 0, 0, 0]","[0, 0, 0, 0, 0, 0, 0, 0, 0, 0, 0, 0]","[1, 1, 1, 1, 1, 1, 1, 1, 1, 1, 1, 1]","[378, 379, 380, 381, 382, 383, 384, 385, 386, 387, 388, 389]"
65,"[0, 1, 2, 3, 4, 5, 6, 7, 8, 9, 10, 11]","[390, 391, 392, 393, 394, 395, 396, 397, 398, 399, 400, 401]","[0, 0, 0, 0, 0, 0, 0, 0, 0, 0, 0, 0]","[0, 0, 0, 0, 0, 0, 0, 0, 0, 0, 0, 0]","[1, 1, 1, 1, 1, 1, 1, 1, 1, 1, 1, 1]","[384, 385, 386, 387, 388, 389, 390, 391, 392, 393, 394, 395]"
66,"[0, 1, 2, 3, 4, 5, 6, 7, 8, 9, 10, 11]","[396, 397, 398, 399, 400, 401, 402, 403, 404, 405, 406, 407]","[0, 0, 0, 0, 0, 0, 0, 0, 0, 0, 0, 0]","[0, 0, 0, 0, 0, 0, 0, 0, 0, 0, 0, 0]","[1, 1, 1, 1, 1, 1, 1, 1, 1, 1, 1, 1]","[390, 391, 392, 393, 394, 395, 396, 397, 398, 399, 400, 401]"
67,"[0, 1, 2, 3, 4, 5, 6, 7, 8, 9, 10, 11]","[402, 403, 404, 405, 406, 407, 408, 409, 410, 411, 412, 413]","[0, 0, 0, 0, 0, 0, 0, 0, 0, 0, 0, 0]","[0, 0, 0, 0, 0, 0, 0, 0, 0, 0, 0, 0]","[1, 1, 1, 1, 1, 1, 1, 1, 1, 1, 1, 1]","[396, 397, 398, 399, 400, 401, 402, 403, 404, 405, 406, 407]"
68,"[0, 1, 2, 3, 4, 5, 6, 7, 8, 9, 10, 11]","[408, 409, 410, 411, 412, 413, 414, 415, 416, 417, 418, 419]","[0, 0, 0, 0, 0, 0, 0, 0, 0, 0, 0, 0]","[0, 0, 0, 0, 0, 0, 0, 0, 0, 0, 0, 0]","[1, 1, 1, 1, 1, 1, 1, 1, 1, 1, 1, 1]","[402, 403, 404, 405, 406, 407, 408, 409, 410, 411, 412, 413]"
69,"[0, 1, 2, 3, 4, 5, 6, 7, 8, 9, 10, 11]","[414, 415, 416, 417, 418, 419, 420, 421, 422, 423, 424, 425]","[0, 0, 0, 0, 0, 0, 0, 0, 0, 0, 0, 0]","[0, 0, 0, 0, 0, 0, 0, 0, 0, 0, 0, 0]","[1, 1, 1, 1, 1, 1, 1, 1, 1, 1, 1, 1]","[408, 409, 410, 411, 412, 413, 414, 415, 416, 417, 418, 419]"
70,"[0, 1, 2, 3, 4, 5, 6, 7, 8, 9, 10, 11]","[420, 421, 422, 423, 424, 425, 426, 427, 428, 429, 430, 431]","[0, 0, 0, 0, 0, 0, 0, 0, 0, 0, 0, 0]","[0, 0, 0, 0, 0, 0, 0, 0, 0, 0, 0, 0]","[1, 1, 1, 1, 1, 1, 1, 1, 1, 1, 1, 1]","[414, 415, 416, 417, 418, 419, 420, 421, 422, 423, 424, 425]"
71,"[0, 1, 2, 3, 4, 5, 6, 7, 8, 9, 10, 11]","[426, 427, 428, 429, 430, 431, 432, 433, 434, 435, 436, 437]","[0, 0, 0, 0, 0, 0, 0, 0, 0, 0, 0, 0]","[0, 0, 0, 0, 0, 0, 0, 0, 0, 0, 0, 0]","[1, 1, 1, 1, 1, 1, 1, 1, 1, 1, 1, 1]","[420, 421, 422, 423, 424, 425, 426, 427, 428, 429, 430, 431]"
72,"[0, 1, 2, 3, 4, 5, 6, 7, 8, 9, 10, 11]","[432, 433, 434, 435, 436, 437, 438, 439, 440, 441, 442, 443]","[0, 0, 0, 0, 0, 0, 0, 0, 0, 0, 0, 0]","[0, 0, 0, 0, 0, 0, 0, 0, 0, 0, 0, 0]","[1, 1, 1, 1, 1, 1, 1, 1, 1, 1, 1, 1]","[426, 427, 428, 429, 430, 431, 432, 433, 434, 435, 436, 437]"
73,"[0, 1, 2, 3, 4, 5, 6, 7, 8, 9, 10, 11]","[438, 439, 440, 441, 442, 443, 444, 445, 446, 447, 448, 449]","[0, 0, 0, 0, 0, 0, 0, 0, 0, 0, 0, 0]","[0, 0, 0, 0, 0, 0, 0, 0, 0, 0, 0, 0]","[1, 1, 1, 1, 1, 1, 1, 1, 1, 1, 1, 1]","[432, 433, 434, 435, 436, 437, 438, 439, 440, 441, 442, 443]"
74,"[0, 1, 2, 3, 4, 5, 6, 7, 8, 9, 10, 11]","[444, 445, 446, 447, 448, 449, 450, 451, 452, 453, 454, 455]","[0, 0, 0, 0, 0, 0, 0, 0, 0, 0, 0, 0]","[0, 0, 0, 0, 0, 0, 0, 0, 0, 0, 0, 0]","[1, 1, 1, 1, 1, 1, 1, 1, 1, 1, 1, 1]","[438, 439, 440, 441, 442, 443, 444, 445, 446, 447, 448, 449]"
75,"[0, 1, 2, 3, 4, 5, 6, 7, 8, 9, 10, 11]","[450, 451, 452, 453, 454, 455, 456, 457, 458, 459, 460, 461]","[0, 0, 0, 0, 0, 0, 0, 0, 0, 0, 0, 0]","[0, 0, 0, 0, 0, 0, 0, 0, 0, 0, 0, 0]","[1, 1, 1, 1, 1, 1, 1, 1, 1, 1, 1, 1]","[444, 445, 446, 447, 448, 449, 450, 451, 452, 453, 454, 455]"
76,"[0, 1, 2, 3, 4, 5, 6, 7, 8, 9, 10, 11]","[456, 457, 458, 459, 460, 461, 462, 463, 464, 465, 466, 467]","[0, 0, 0, 0, 0, 0, 0, 0, 0, 0, 0, 0]","[0, 0, 0, 0, 0, 0, 0, 0, 0, 0, 0, 0]","[1, 1, 1, 1, 1, 1, 1, 1, 1, 1, 1, 1]","[450, 451, 452, 453, 454, 455, 456, 457, 458, 459, 460, 461]"
77,"[0, 1, 2, 3, 4, 5, 6, 7, 8, 9, 10, 11]","[462, 463, 464, 465, 466, 467, 468, 469, 470, 471, 472, 473]","[0, 0, 0, 0, 0, 0, 0, 0, 0, 0, 0, 0]","[0, 0, 0, 0, 0, 0, 0, 0, 0, 0, 0, 0]","[1, 1, 1, 1, 1, 1, 1, 1, 1, 1, 1, 1]","[456, 457, 458, 459, 460, 461, 462, 463, 464, 465, 466, 467]"
78,"[0, 1, 2, 3, 4, 5, 6, 7, 8, 9, 10, 11]","[468, 469, 470, 471, 472, 473, 474, 475, 476, 477, 478, 479]","[0, 0, 0, 0, 0, 0, 0, 0, 0, 0, 0, 0]","[0, 0, 0, 0, 0, 0, 0, 0, 0, 0, 0, 0]","[1, 1, 1, 1, 1, 1, 1, 1, 1, 1, 1, 1]","[462, 463, 464, 465, 466, 467, 468, 469, 470, 471, 472, 473]"
79,"[0, 1, 2, 3, 4, 5, 6, 7, 8, 9, 10, 11]","[474, 475, 476, 477, 478, 479, 480, 481, 482, 483, 484, 485]","[0, 0, 0, 0, 0, 0, 0, 0, 0, 0, 0, 0]","[0, 0, 0, 0, 0, 0, 0, 0, 0, 0, 0, 0]","[1, 1, 1, 1, 1, 1, 1, 1, 1, 1, 1, 1]","[468, 469, 470, 471, 472, 473, 474, 475, 476, 477, 478, 479]"
80,"[0, 1, 2, 3, 4, 5, 6, 7, 8, 9, 10, 11]","[480, 481, 482, 483, 484, 485, 486, 487, 488, 489, 490, 491]","[0, 0, 0, 0, 0, 0, 0, 0, 0, 0, 0, 0]","[0, 0, 0, 0, 0, 0, 0, 0, 0, 0, 0, 0]","[1, 1, 1, 1, 1, 1, 1, 1, 1, 1, 1, 1]","[474, 475, 476, 477, 478, 479, 480, 481, 482, 483, 484, 485]"
81,"[0, 1, 2, 3, 4, 5, 6, 7, 8, 9, 10, 11]","[486, 487, 488, 489, 490, 491, 492, 493, 494, 495, 496, 497]","[0, 0, 0, 0, 0, 0, 0, 0, 0, 0, 0, 0]","[0, 0, 0, 0, 0, 0, 0, 0, 0, 0, 0, 0]","[1, 1, 1, 1, 1, 1, 1, 1, 1, 1, 1, 1]","[480, 481, 482, 483, 484, 485, 486, 487, 488, 489, 490, 491]"
82,"[0, 1, 2, 3, 4, 5, 6, 7, 8, 9, 10, 11]","[492, 493, 494, 495, 496, 497, 498, 499, 500, 501, 502, 503]","[0, 0, 0, 0, 0, 0, 0, 0, 0, 0, 0, 0]","[0, 0, 0, 0, 0, 0, 0, 0, 0, 0, 0, 0]","[1, 1, 1, 1, 1, 1, 1, 1, 1, 1, 1, 1]","[486, 487, 488, 489, 490, 491, 492, 493, 494, 495, 496, 497]"
83,"[0, 1, 2, 3, 4, 5, 6, 7, 8, 9, 10, 11]","[498, 499, 500, 501, 502, 503, 504, 505, 506, 507, 508, 509]","[0, 0, 0, 0, 0, 0, 0, 0, 0, 0, 0, 0]","[0, 0, 0, 0, 0, 0, 0, 0, 0, 0, 0, 0]","[1, 1, 1, 1, 1, 1, 1, 1, 1, 1, 1, 1]","[492, 493, 494, 495, 496, 497, 498, 499, 500, 501, 502, 503]"
84,"[0, 1, 2, 3, 4, 5, 6, 7, 8, 9, 10, 11]","[504, 505, 506, 507, 508, 509, 510, 511, 512, 513, 514, 515]","[0, 0, 0, 0, 0, 0, 0, 0, 0, 0, 0, 0]","[0, 0, 0, 0, 0, 0, 0, 0, 0, 0, 0, 0]","[1, 1, 1, 1, 1, 1, 1, 1, 1, 1, 1, 1]","[498, 499, 500, 501, 502, 503, 504, 505, 506, 507, 508, 509]"
85,"[0, 1, 2, 3, 4, 5, 6, 7, 8, 9, 10, 11]","[510, 511, 512, 513, 514, 515, 516, 517, 518, 519, 520, 521]","[0, 0, 0, 0, 0, 0, 0, 0, 0, 0, 0, 0]","[0, 0, 0, 0, 0, 0, 0, 0, 0, 0, 0, 0]","[1, 1, 1, 1, 1, 1, 1, 1, 1, 1, 1, 1]","[504, 505, 506, 507, 508, 509, 510, 511, 512, 513, 514, 515]"
86,"[0, 1, 2, 3, 4, 5, 6, 7, 8, 9, 10, 11]","[516, 517, 518, 519, 520, 521, 522, 523, 524, 525, 526, 527]","[0, 0, 0, 0, 0, 0, 0, 0, 0, 0, 0, 0]","[0, 0, 0, 0, 0, 0, 0, 0, 0, 0, 0, 0]","[1, 1, 1, 1, 1, 1, 1, 1, 1, 1, 1, 1]","[510, 511, 512, 513, 514, 515, 516, 517, 518, 519, 520, 521]"
87,"[0, 1, 2, 3, 4, 5, 6, 7, 8, 9, 10, 11]","[522, 523, 524, 525, 526, 527, 528, 529, 530, 531, 532, 533]","[0, 0, 0, 0, 0, 0, 0, 0, 0, 0, 0, 0]","[0, 0, 0, 0, 0, 0, 0, 0, 0, 0, 0, 0]","[1, 1, 1, 1, 1, 1, 1, 1, 1, 1, 1, 1]","[516, 517, 518, 519, 520, 521, 522, 523, 524, 525, 526, 527]"
88,"[0, 1, 2, 3, 4, 5, 6, 7, 8, 9, 10, 11]","[528, 529, 530, 531, 532, 533, 534, 535, 536, 537, 538, 539]","[0, 0, 0, 0, 0, 0, 0, 0, 0, 0, 0, 0]","[0, 0, 0, 0, 0, 0, 0, 0, 0, 0, 0, 0]","[1, 1, 1, 1, 1, 1, 1, 1, 1, 1, 1, 1]","[522, 523, 524, 525, 526, 527, 528, 529, 530, 531, 532, 533]"
89,"[0, 1, 2, 3, 4, 5, 6, 7, 8, 9, 10, 11]","[534, 535, 536, 537, 538, 539, 540, 541, 542, 543, 544, 545]","[0, 0, 0, 0, 0, 0, 0, 0, 0, 0, 0, 0]","[0, 0, 0, 0, 0, 0, 0, 0, 0, 0, 0, 0]","[1, 1, 1, 1, 1, 1, 1, 1, 1, 1, 1, 1]","[528, 529, 530, 531, 532, 533, 534, 535, 536, 537, 538, 539]"
90,"[0, 1, 2, 3, 4, 5, 6, 7, 8, 9, 10, 11]","[540, 541, 542, 543, 544, 545, 546, 547, 548, 549, 550, 551]","[0, 0, 0, 0, 0, 0, 0, 0, 0, 0, 0, 0]","[0, 0, 0, 0, 0, 0, 0, 0, 0, 0, 0, 0]","[1, 1, 1, 1, 1, 1, 1, 1, 1, 1, 1, 1]","[534, 535, 536, 537, 538, 539, 540, 541, 542, 543, 544, 545]"
91,"[0, 1, 2, 3, 4, 5, 6, 7, 8, 9, 10, 11]","[546, 547, 548, 549, 550, 551, 552, 553, 554, 555, 556, 557]","[0, 0, 0, 0, 0, 0, 0, 0, 0, 0, 0, 0]","[0, 0, 0, 0, 0, 0, 0, 0, 0, 0, 0, 0]","[1, 1, 1, 1, 1, 1, 1, 1, 1, 1, 1, 1]","[540, 541, 542, 543, 544, 545, 546, 547, 548, 549, 550, 551]"
92,"[0, 1, 2, 3, 4, 5, 6, 7, 8, 9, 10, 11]","[552, 553, 554, 555, 556, 557, 558, 559, 560, 561, 562, 563]","[0, 0, 0, 0, 0, 0, 0, 0, 0, 0, 0, 0]","[0, 0, 0, 0, 0, 0, 0, 0, 0, 0, 0, 0]","[1, 1, 1, 1, 1, 1, 1, 1, 1, 1, 1, 1]","[546, 547, 548, 549, 550, 551, 552, 553, 554, 555, 556, 557]"
93,"[0, 1, 2, 3, 4, 5, 6, 7, 8, 9, 10, 11]","[558, 559, 560, 561, 562, 563, 564, 565, 566, 567, 568, 569]","[0, 0, 0, 0, 0, 0, 0, 0, 0, 0, 0, 0]","[0, 0, 0, 0, 0, 0, 0, 0, 0, 0, 0, 0]","[1, 1, 1, 1, 1, 1, 1, 1, 1, 1, 1, 1]","[552, 553, 554, 555, 556, 557, 558, 559, 560, 561, 562, 563]"
94,"[0, 1, 2, 3, 4, 5, 6, 7, 8, 9, 10, 11]","[564, 565, 566, 567, 568, 569, 570, 571, 572, 573, 574, 575]","[0, 0, 0, 0, 0, 0, 0, 0, 0, 0, 0, 0]","[0, 0, 0, 0, 0, 0, 0, 0, 0, 0, 0, 0]","[1, 1, 1, 1, 1, 1, 1, 1, 1, 1, 1, 1]","[558, 559, 560, 561, 562, 563, 564, 565, 566, 567, 568, 569]"
95,"[0, 1, 2, 3, 4, 5, 6, 7, 8, 9, 10, 11]","[570, 571, 572, 573, 574, 575, 576, 577, 578, 579, 580, 581]","[0, 0, 0, 0, 0, 0, 0, 0, 0, 0, 0, 0]","[0, 0, 0, 0, 0, 0, 0, 0, 0, 0, 0, 0]","[1, 1, 1, 1, 1, 1, 1, 1, 1, 1, 1, 1]","[564, 565, 566, 567, 568, 569, 570, 571, 572, 573, 574, 575]"
96,"[0, 1, 2, 3, 4, 5, 6, 7, 8, 9, 10, 11]","[576, 577, 578, 579, 580, 581, 582, 583, 584, 585, 586, 587]","[0, 0, 0, 0, 0, 0, 0, 0, 0, 0, 0, 0]","[0, 0, 0, 0, 0, 0, 0, 0, 0, 0, 0, 0]","[1, 1, 1, 1, 1, 1, 1, 1, 1, 1, 1, 1]","[570, 571, 572, 573, 574, 575, 576, 577, 578, 579, 580, 581]"
97,"[0, 1, 2, 3, 4, 5, 6, 7, 8, 9, 10, 11]","[582, 583, 584, 585, 586, 587, 588, 589, 590, 591, 592, 593]","[0, 0, 0, 0, 0, 0, 0, 0, 0, 0, 0, 0]","[0, 0, 0, 0, 0, 0, 0, 0, 0, 0, 0, 0]","[1, 1, 1, 1, 1, 1, 1, 1, 1, 1, 1, 1]","[576, 577, 578, 579, 580, 581, 582, 583, 584, 585, 586, 587]"
98,"[0, 1, 2, 3, 4, 5, 6, 7, 8, 9, 10, 11]","[588, 589, 590, 591, 592, 593, 594, 595, 596, 597, 598, 599]","[0, 0, 0, 0, 0, 0, 0, 0, 0, 0, 0, 0]","[0, 0, 0, 0, 0, 0, 0, 0, 0, 0, 0, 0]","[1, 1, 1, 1, 1, 1, 1, 1, 1, 1, 1, 1]","[582, 583, 584, 585, 586, 587, 588, 589, 590, 591, 592, 593]"
99,"[0, 1, 2, 3, 4, 5, 6, 7, 8, 9, 10, 11]","[594, 595, 596, 597, 598, 599, 600, 601, 602, 603, 604, 605]","[0, 0, 0, 0, 0, 0, 0, 0, 0, 0, 0, 0]","[0, 0, 0, 0, 0, 0, 0, 0, 0, 0, 0, 0]","[1, 1, 1, 1, 1, 1, 1, 1, 1, 1, 1, 1]","[588, 589, 590, 591, 592, 593, 594, 595, 596, 597, 598, 599]"
100,"[0, 1, 2, 3, 4, 5, 6, 7, 8, 9, 10, 11]","[600, 601, 602, 603, 604, 605, 606, 607, 608, 609, 610, 611]","[0, 0, 0, 0, 0, 0, 0, 0, 0, 0, 0, 0]","[0, 0, 0, 0, 0, 0, 0, 0, 0, 0, 0, 0]","[1, 1, 1, 1, 1, 1, 1, 1, 1, 1, 1, 1]","[594, 595, 596, 597, 598, 599, 600, 601, 602, 603, 604, 605]"
101,"[0, 1, 2, 3, 4, 5, 6, 7, 8, 9, 10, 11]","[606, 607, 608, 609, 610, 611, 612, 613, 614, 615, 616, 617]","[0, 0, 0, 0, 0, 0, 0, 0, 0, 0, 0, 0]","[0, 0, 0, 0, 0, 0, 0, 0, 0, 0, 0, 0]","[1, 1, 1, 1, 1, 1, 1, 1, 1, 1, 1, 1]","[600, 601, 602, 603, 604, 605, 606, 607, 608, 609, 610, 611]"
102,"[0, 1, 2, 3, 4, 5, 6, 7, 8, 9, 10, 11]","[612, 613, 614, 615, 616, 617, 618, 619, 620, 621, 622, 623]","[0, 0, 0, 0, 0, 0, 0, 0, 0, 0, 0, 0]","[0, 0, 0, 0, 0, 0, 0, 0, 0, 0, 0, 0]","[1, 1, 1, 1, 1, 1, 1, 1, 1, 1, 1, 1]","[606, 607, 608, 609, 610, 611, 612, 613, 614, 615, 616, 617]"
103,"[0, 1, 2, 3, 4, 5, 6, 7, 8, 9, 10, 11]","[618, 619, 620, 621, 622, 623, 624, 625, 626, 627, 628, 629]","[0, 0, 0, 0, 0, 0, 0, 0, 0, 0, 0, 0]","[0, 0, 0, 0, 0, 0, 0, 0, 0, 0, 0, 0]","[1, 1, 1, 1, 1, 1, 1, 1, 1, 1, 1, 1]","[612, 613, 614, 615, 616, 617, 618, 619, 620, 621, 622, 623]"
104,"[0, 1, 2, 3, 4, 5, 6, 7, 8, 9, 10, 11]","[624, 625, 626, 627, 628, 629, 630, 631, 632, 633, 634, 635]","[0, 0, 0, 0, 0, 0, 0, 0, 0, 0, 0, 0]","[0, 0, 0, 0, 0, 0, 0, 0, 0, 0, 0, 0]","[1, 1, 1, 1, 1, 1, 1, 1, 1, 1, 1, 1]","[618, 619, 620, 621, 622, 623, 624, 625, 626, 627, 628, 629]"
105,"[0, 1, 2, 3, 4, 5, 6, 7, 8, 9, 10, 11]","[630, 631, 632, 633, 634, 635, 636, 637, 638, 639, 640, 641]","[0, 0, 0, 0, 0, 0, 0, 0, 0, 0, 0, 0]","[0, 0, 0, 0, 0, 0, 0, 0, 0, 0, 0, 0]","[1, 1, 1, 1, 1, 1, 1, 1, 1, 1, 1, 1]","[624, 625, 626, 627, 628, 629, 630, 631, 632, 633, 634, 635]"
106,"[0, 1, 2, 3, 4, 5, 6, 7, 8, 9, 10, 11]","[636, 637, 638, 639, 640, 641, 642, 643, 644, 645, 646, 647]","[0, 0, 0, 0, 0, 0, 0, 0, 0, 0, 0, 0]","[0, 0, 0, 0, 0, 0, 0, 0, 0, 0, 0, 0]","[1, 1, 1, 1, 1, 1, 1, 1, 1, 1, 1, 1]","[630, 631, 632, 633, 634, 635, 636, 637, 638, 639, 640, 641]"
107,"[0, 1, 2, 3, 4, 5, 6, 7, 8, 9, 10, 11]","[642, 643, 644, 645, 646, 647, 648, 649, 650, 651, 652, 653]","[0, 0, 0, 0, 0, 0, 0, 0, 0, 0, 0, 0]","[0, 0, 0, 0, 0, 0, 0, 0, 0, 0, 0, 0]","[1, 1, 1, 1, 1, 1, 1, 1, 1, 1, 1, 1]","[636, 637, 638, 639, 640, 641, 642, 643, 644, 645, 646, 647]"
108,"[0, 1, 2, 3, 4, 5, 6, 7, 8, 9, 10, 11]","[648, 649, 650, 651, 652, 653, 654, 655, 656, 657, 658, 659]","[0, 0, 0, 0, 0, 0, 0, 0, 0, 0, 0, 0]","[0, 0, 0, 0, 0, 0, 0, 0, 0, 0, 0, 0]","[1, 1, 1, 1, 1, 1, 1, 1, 1, 1, 1, 1]","[642, 643, 644, 645, 646, 647, 648, 649, 650, 651, 652, 653]"
109,"[0, 1, 2, 3, 4, 5, 6, 7, 8, 9, 10, 11]","[654, 655, 656, 657, 658, 659, 660, 661, 662, 663, 664, 665]","[0, 0, 0, 0, 0, 0, 0, 0, 0, 0, 0, 0]","[0, 0, 0, 0, 0, 0, 0, 0, 0, 0, 0, 0]","[1, 1, 1, 1, 1, 1, 1, 1, 1, 1, 1, 1]","[648, 649, 650, 651, 652, 653, 654, 655, 656, 657, 658, 659]"
110,"[0, 1, 2, 3, 4, 5, 6, 7, 8, 9, 10, 11]","[660, 661, 662, 663, 664, 665, 666, 667, 668, 669, 670, 671]","[0, 0, 0, 0, 0, 0, 0, 0, 0, 0, 0, 0]","[0, 0, 0, 0, 0, 0, 0, 0, 0, 0, 0, 0]","[1, 1, 1, 1, 1, 1, 1, 1, 1, 1, 1, 1]","[654, 655, 656, 657, 658, 659, 660, 661, 662, 663, 664, 665]"
111,"[0, 1, 2, 3, 4, 5, 6, 7, 8, 9, 10, 11]","[666, 667, 668, 669, 670, 671, 672, 673, 674, 675, 676, 677]","[0, 0, 0, 0, 0, 0, 0, 0, 0, 0, 0, 0]","[0, 0, 0, 0, 0, 0, 0, 0, 0, 0, 0, 0]","[1, 1, 1, 1, 1, 1, 1, 1, 1, 1, 1, 1]","[660, 661, 662, 663, 664, 665, 666, 667, 668, 669, 670, 671]"
112,"[0, 1, 2, 3, 4, 5, 6, 7, 8, 9, 10, 11]","[672, 673, 674, 675, 676, 677, 678, 679, 680, 681, 682, 683]","[0, 0, 0, 0, 0, 0, 0, 0, 0, 0, 0, 0]","[0, 0, 0, 0, 0, 0, 0, 0, 0, 0, 0, 0]","[1, 1, 1, 1, 1, 1, 1, 1, 1, 1, 1, 1]","[666, 667, 668, 669, 670, 671, 672, 673, 674, 675, 676, 677]"
113,"[0, 1, 2, 3, 4, 5, 6, 7, 8, 9, 10, 11]","[678, 679, 680, 681, 682, 683, 684, 685, 686, 687, 688, 689]","[0, 0, 0, 0, 0, 0, 0, 0, 0, 0, 0, 0]","[0, 0, 0, 0, 0, 0, 0, 0, 0, 0, 0, 0]","[1, 1, 1, 1, 1, 1, 1, 1, 1, 1, 1, 1]","[672, 673, 674, 675, 676, 677, 678, 679, 680, 681, 682, 683]"
114,"[0, 1, 2, 3, 4, 5, 6, 7, 8, 9, 10, 11]","[684, 685, 686, 687, 688, 689, 690, 691, 692, 693, 694, 695]","[0, 0, 0, 0, 0, 0, 0, 0, 0, 0, 0, 0]","[0, 0, 0, 0, 0, 0, 0, 0, 0, 0, 0, 0]","[1, 1, 1, 1, 1, 1, 1, 1, 1, 1, 1, 1]","[678, 679, 680, 681, 682, 683, 684, 685, 686, 687, 688, 689]"
115,"[0, 1, 2, 3, 4, 5, 6, 7, 8, 9, 10, 11]","[690, 691, 692, 693, 694, 695, 696, 697, 698, 699, 700, 701]","[0, 0, 0, 0, 0, 0, 0, 0, 0, 0, 0, 0]","[0, 0, 0, 0, 0, 0, 0, 0, 0, 0, 0, 0]","[1, 1, 1, 1, 1, 1, 1, 1, 1, 1, 1, 1]","[684, 685, 686, 687, 688, 689, 690, 691, 692, 693, 694, 695]"
116,"[0, 1, 2, 3, 4, 5, 6, 7, 8, 9, 10, 11]","[696, 697, 698, 699, 700, 701, 702, 703, 704, 705, 706, 707]","[0, 0, 0, 0, 0, 0, 0, 0, 0, 0, 0, 0]","[0, 0, 0, 0, 0, 0, 0, 0, 0, 0, 0, 0]","[1, 1, 1, 1, 1, 1, 1, 1, 1, 1, 1, 1]","[690, 691, 692, 693, 694, 695, 696, 697, 698, 699, 700, 701]"
117,"[0, 1, 2, 3, 4, 5, 6, 7, 8, 9, 10, 11]","[702, 703, 704, 705, 706, 707, 708, 709, 710, 711, 712, 713]","[0, 0, 0, 0, 0, 0, 0, 0, 0, 0, 0, 0]","[0, 0, 0, 0, 0, 0, 0, 0, 0, 0, 0, 0]","[1, 1, 1, 1, 1, 1, 1, 1, 1, 1, 1, 1]","[696, 697, 698, 699, 700, 701, 702, 703, 704, 705, 706, 707]"
118,"[0, 1, 2, 3, 4, 5, 6, 7, 8, 9, 10, 11]","[708, 709, 710, 711, 712, 713, 714, 715, 716, 717, 718, 719]","[0, 0, 0, 0, 0, 0, 0, 0, 0, 0, 0, 0]","[0, 0, 0, 0, 0, 0, 0, 0, 0, 0, 0, 0]","[1, 1, 1, 1, 1, 1, 1, 1, 1, 1, 1, 1]","[702, 703, 704, 705, 706, 707, 708, 709, 710, 711, 712, 713]"
119,"[0, 1, 2, 3, 4, 5, 6, 7, 8, 9, 10, 11]","[714, 715, 716, 717, 718, 719, 720, 721, 722, 723, 724, 725]","[0, 0, 0, 0, 0, 0, 0, 0, 0, 0, 0, 0]","[0, 0, 0, 0, 0, 0, 0, 0, 0, 0, 0, 0]","[1, 1, 1, 1, 1, 1, 1, 1, 1, 1, 1, 1]","[708, 709, 710, 711, 712, 713, 714, 715, 716, 717, 718, 719]"
120,"[0, 1, 2, 3, 4, 5, 6, 7, 8, 9, 10, 11]","[720, 721, 722, 723, 724, 725, 726, 727, 728, 729, 730, 731]","[0, 0, 0, 0, 0, 0, 0, 0, 0, 0, 0, 0]","[0, 0, 0, 0, 0, 0, 0, 0, 0, 0, 0, 0]","[1, 1, 1, 1, 1, 1, 1, 1, 1, 1, 1, 1]","[714, 715, 716, 717, 718, 719, 720, 721, 722, 723, 724, 725]"
121,"[0, 1, 2, 3, 4, 5, 6, 7, 8, 9, 10, 11]","[726, 727, 728, 729, 730, 731, 732, 733, 734, 735, 736, 737]","[0, 0, 0, 0, 0, 0, 0, 0, 0, 0, 0, 0]","[0, 0, 0, 0, 0, 0, 0, 0, 0, 0, 0, 0]","[1, 1, 1, 1, 1, 1, 1, 1, 1, 1, 1, 1]","[720, 721, 722, 723, 724, 725, 726, 727, 728, 729, 730, 731]"
122,"[0, 1, 2, 3, 4, 5, 6, 7, 8, 9, 10, 11]","[732, 733, 734, 735, 736, 737, 738, 739, 740, 741, 742, 743]","[0, 0, 0, 0, 0, 0, 0, 0, 0, 0, 0, 0]","[0, 0, 0, 0, 0, 0, 0, 0, 0, 0, 0, 0]","[1, 1, 1, 1, 1, 1, 1, 1, 1, 1, 1, 1]","[726, 727, 728, 729, 730, 731, 732, 733, 734, 735, 736, 737]"
123,"[0, 1, 2, 3, 4, 5, 6, 7, 8, 9, 10, 11]","[738, 739, 740, 741, 742, 743, 744, 745, 746, 747, 748, 749]","[0, 0, 0, 0, 0, 0, 0, 0, 0, 0, 0, 0]","[0, 0, 0, 0, 0, 0, 0, 0, 0, 0, 0, 0]","[1, 1, 1, 1, 1, 1, 1, 1, 1, 1, 1, 1]","[732, 733, 734, 735, 736, 737, 738, 739, 740, 741, 742, 743]"
124,"[0, 1, 2, 3, 4, 5, 6, 7, 8, 9, 10, 11]","[744, 745, 746, 747, 748, 749, 750, 751, 752, 753, 754, 755]","[0, 0, 0, 0, 0, 0, 0, 0, 0, 0, 0, 0]","[0, 0, 0, 0, 0, 0, 0, 0, 0, 0, 0, 0]","[1, 1, 1, 1, 1, 1, 1, 1, 1, 1, 1, 1]","[738, 739, 740, 741, 742, 743, 744, 745, 746, 747, 748, 749]"
125,"[0, 1, 2, 3, 4, 5, 6, 7, 8, 9, 10, 11]","[750, 751, 752, 753, 754, 755, 756, 757, 758, 759, 760, 761]","[0, 0, 0, 0, 0, 0, 0, 0, 0, 0, 0, 0]","[0, 0, 0, 0, 0, 0, 0, 0, 0, 0, 0, 0]","[1, 1, 1, 1, 1, 1, 1, 1, 1, 1, 1, 1]","[744, 745, 746, 747, 748, 749, 750, 751, 752, 753, 754, 755]"
126,"[0, 1, 2, 3, 4, 5, 6, 7, 8, 9, 10, 11]","[756, 757, 758, 759, 760, 761, 762, 763, 764, 765, 766, 767]","[0, 0, 0, 0, 0, 0, 0, 0, 0, 0, 0, 0]","[0, 0, 0, 0, 0, 0, 0, 0, 0, 0, 0, 0]","[1, 1, 1, 1, 1, 1, 1, 1, 1, 1, 1, 1]","[750, 751, 752, 753, 754, 755, 756, 757, 758, 759, 760, 761]"
127,"[0, 1, 2, 3, 4, 5, 6, 7, 8, 9, 10, 11]","[762, 763, 764, 765, 766, 767, 768, 769, 770, 771, 772, 773]","[0, 0, 0, 0, 0, 0, 0, 0, 0, 0, 0, 0]","[0, 0, 0, 0, 0, 0, 0, 0, 0, 0, 0, 0]","[1, 1, 1, 1, 1, 1, 1, 1, 1, 1, 1, 1]","[756, 757, 758, 759, 760, 761, 762, 763, 764, 765, 766, 767]"
128,"[0, 1, 2, 3, 4, 5, 6, 7, 8, 9, 10, 11]","[768, 769, 770, 771, 772, 773, 774, 775, 776, 777, 778, 779]","[0, 0, 0, 0, 0, 0, 0, 0, 0, 0, 0, 0]","[0, 0, 0, 0, 0, 0, 0, 0, 0, 0, 0, 0]","[1, 1, 1, 1, 1, 1, 1, 1, 1, 1, 1, 1]","[762, 763, 764, 765, 766, 767, 768, 769, 770, 771, 772, 773]"
129,"[0, 1, 2, 3, 4, 5, 6, 7, 8, 9, 10, 11]","[774, 775, 776, 777, 778, 779, 780, 781, 782, 783, 784, 785]","[0, 0, 0, 0, 0, 0, 0, 0, 0, 0, 0, 0]","[0, 0, 0, 0, 0, 0, 0, 0, 0, 0, 0, 0]","[1, 1, 1, 1, 1, 1, 1, 1, 1, 1, 1, 1]","[768, 769, 770, 771, 772, 773, 774, 775, 776, 777, 778, 779]"
130,"[0, 1, 2, 3, 4, 5, 6, 7, 8, 9, 10, 11]","[780, 781, 782, 783, 784, 785, 786, 787, 788, 789, 790, 791]","[0, 0, 0, 0, 0, 0, 0, 0, 0, 0, 0, 0]","[0, 0, 0, 0, 0, 0, 0, 0, 0, 0, 0, 0]","[1, 1, 1, 1, 1, 1, 1, 1, 1, 1, 1, 1]","[774, 775, 776, 777, 778, 779, 780, 781, 782, 783, 784, 785]"
131,"[0, 1, 2, 3, 4, 5, 6, 7, 8, 9, 10, 11]","[786, 787, 788, 789, 790, 791, 792, 793, 794, 795, 796, 797]","[0, 0, 0, 0, 0, 0, 0, 0, 0, 0, 0, 0]","[0, 0, 0, 0, 0, 0, 0, 0, 0, 0, 0, 0]","[1, 1, 1, 1, 1, 1, 1, 1, 1, 1, 1, 1]","[780, 781, 782, 783, 784, 785, 786, 787, 788, 789, 790, 791]"
132,"[0, 1, 2, 3, 4, 5, 6, 7, 8, 9, 10, 11]","[792, 793, 794, 795, 796, 797, 798, 799, 800, 801, 802, 803]","[0, 0, 0, 0, 0, 0, 0, 0, 0, 0, 0, 0]","[0, 0, 0, 0, 0, 0, 0, 0, 0, 0, 0, 0]","[1, 1, 1, 1, 1, 1, 1, 1, 1, 1, 1, 1]","[786, 787, 788, 789, 790, 791, 792, 793, 794, 795, 796, 797]"
133,"[0, 1, 2, 3, 4, 5, 6, 7, 8, 9, 10, 11]","[798, 799, 800, 801, 802, 803, 804, 805, 806, 807, 808, 809]","[0, 0, 0, 0, 0, 0, 0, 0, 0, 0, 0, 0]","[0, 0, 0, 0, 0, 0, 0, 0, 0, 0, 0, 0]","[1, 1, 1, 1, 1, 1, 1, 1, 1, 1, 1, 1]","[792, 793, 794, 795, 796, 797, 798, 799, 800, 801, 802, 803]"
134,"[0, 1, 2, 3, 4, 5, 6, 7, 8, 9, 10, 11]","[804, 805, 806, 807, 808, 809, 810, 811, 812, 813, 814, 815]","[0, 0, 0, 0, 0, 0, 0, 0, 0, 0, 0, 0]","[0, 0, 0, 0, 0, 0, 0, 0, 0, 0, 0, 0]","[1, 1, 1, 1, 1, 1, 1, 1, 1, 1, 1, 1]","[798, 799, 800, 801, 802, 803, 804, 805, 806, 807, 808, 809]"
135,"[0, 1, 2, 3, 4, 5, 6, 7, 8, 9, 10, 11]","[810, 811, 812, 813, 814, 815, 816, 817, 818, 819, 820, 821]","[0, 0, 0, 0, 0, 0, 0, 0, 0, 0, 0, 0]","[0, 0, 0, 0, 0, 0, 0, 0, 0, 0, 0, 0]","[1, 1, 1, 1, 1, 1, 1, 1, 1, 1, 1, 1]","[804, 805, 806, 807, 808, 809, 810, 811, 812, 813, 814, 815]"
136,"[0, 1, 2, 3, 4, 5, 6, 7, 8, 9, 10, 11]","[816, 817, 818, 819, 820, 821, 822, 823, 824, 825, 826, 827]","[0, 0, 0, 0, 0, 0, 0, 0, 0, 0, 0, 0]","[0, 0, 0, 0, 0, 0, 0, 0, 0, 0, 0, 0]","[1, 1, 1, 1, 1, 1, 1, 1, 1, 1, 1, 1]","[810, 811, 812, 813, 814, 815, 816, 817, 818, 819, 820, 821]"
137,"[0, 1, 2, 3, 4, 5, 6, 7, 8, 9, 10, 11]","[822, 823, 824, 825, 826, 827, 828, 829, 830, 831, 832, 833]","[0, 0, 0, 0, 0, 0, 0, 0, 0, 0, 0, 0]","[0, 0, 0, 0, 0, 0, 0, 0, 0, 0, 0, 0]","[1, 1, 1, 1, 1, 1, 1, 1, 1, 1, 1, 1]","[816, 817, 818, 819, 820, 821, 822, 823, 824, 825, 826, 827]"
138,"[0, 1, 2, 3, 4, 5, 6, 7, 8, 9, 10, 11]","[828, 829, 830, 831, 832, 833, 834, 835, 836, 837, 838, 839]","[0, 0, 0, 0, 0, 0, 0, 0, 0, 0, 0, 0]","[0, 0, 0, 0, 0, 0, 0, 0, 0, 0, 0, 0]","[1, 1, 1, 1, 1, 1, 1, 1, 1, 1, 1, 1]","[822, 823, 824, 825, 826, 827, 828, 829, 830, 831, 832, 833]"
139,"[0, 1, 2, 3, 4, 5, 6, 7, 8, 9, 10, 11]","[834, 835, 836, 837, 838, 839, 840, 841, 842, 843, 844, 845]","[0, 0, 0, 0, 0, 0, 0, 0, 0, 0, 0, 0]","[0, 0, 0, 0, 0, 0, 0, 0, 0, 0, 0, 0]","[1, 1, 1, 1, 1, 1, 1, 1, 1, 1, 1, 1]","[828, 829, 830, 831, 832, 833, 834, 835, 836, 837, 838, 839]"
140,"[0, 1, 2, 3, 4, 5, 6, 7, 8, 9, 10, 11]","[840, 841, 842, 843, 844, 845, 846, 847, 848, 849, 850, 851]","[0, 0, 0, 0, 0, 0, 0, 0, 0, 0, 0, 0]","[0, 0, 0, 0, 0, 0, 0, 0, 0, 0, 0, 0]","[1, 1, 1, 1, 1, 1, 1, 1, 1, 1, 1, 1]","[834, 835, 836, 837, 838, 839, 840, 841, 842, 843, 844, 845]"
141,"[0, 1, 2, 3, 4, 5, 6, 7, 8, 9, 10, 11]","[846, 847, 848, 849, 850, 851, 852, 853, 854, 855, 856, 857]","[0, 0, 0, 0, 0, 0, 0, 0, 0, 0, 0, 0]","[0, 0, 0, 0, 0, 0, 0, 0, 0, 0, 0, 0]","[1, 1, 1, 1, 1, 1, 1, 1, 1, 1, 1, 1]","[840, 841, 842, 843, 844, 845, 846, 847, 848, 849, 850, 851]"
142,"[0, 1, 2, 3, 4, 5, 6, 7, 8, 9, 10, 11]","[852, 853, 854, 855, 856, 857, 858, 859, 860, 861, 862, 863]","[0, 0, 0, 0, 0, 0, 0, 0, 0, 0, 0, 0]","[0, 0, 0, 0, 0, 0, 0, 0, 0, 0, 0, 0]","[1, 1, 1, 1, 1, 1, 1, 1, 1, 1, 1, 1]","[846, 847, 848, 849, 850, 851, 852, 853, 854, 855, 856, 857]"
143,"[0, 1, 2, 3, 4, 5, 6, 7, 8, 9, 10, 11]","[858, 859, 860, 861, 862, 863, 864, 865, 866, 867, 868, 869]","[0, 0, 0, 0, 0, 0, 0, 0, 0, 0, 0, 0]","[0, 0, 0, 0, 0, 0, 0, 0, 0, 0, 0, 0]","[1, 1, 1, 1, 1, 1, 1, 1, 1, 1, 1, 1]","[852, 853, 854, 855, 856, 857, 858, 859, 860, 861, 862, 863]"
144,"[0, 1, 2, 3, 4, 5, 6, 7, 8, 9, 10, 11]","[864, 865, 866, 867, 868, 869, 870, 871, 872, 873, 874, 875]","[0, 0, 0, 0, 0, 0, 0, 0, 0, 0, 0, 0]","[0, 0, 0, 0, 0, 0, 0, 0, 0, 0, 0, 0]","[1, 1, 1, 1, 1, 1, 1, 1, 1, 1, 1, 1]","[858, 859, 860, 861, 862, 863, 864, 865, 866, 867, 868, 869]"
145,"[0, 1, 2, 3, 4, 5, 6, 7, 8, 9, 10, 11]","[870, 871, 872, 873, 874, 875, 876, 877, 878, 879, 880, 881]","[0, 0, 0, 0, 0, 0, 0, 0, 0, 0, 0, 0]","[0, 0, 0, 0, 0, 0, 0, 0, 0, 0, 0, 0]","[1, 1, 1, 1, 1, 1, 1, 1, 1, 1, 1, 1]","[864, 865, 866, 867, 868, 869, 870, 871, 872, 873, 874, 875]"
146,"[0, 1, 2, 3, 4, 5, 6, 7, 8, 9, 10, 11]","[876, 877, 878, 879, 880, 881, 882, 883, 884, 885, 886, 887]","[0, 0, 0, 0, 0, 0, 0, 0, 0, 0, 0, 0]","[0, 0, 0, 0, 0, 0, 0, 0, 0, 0, 0, 0]","[1, 1, 1, 1, 1, 1, 1, 1, 1, 1, 1, 1]","[870, 871, 872, 873, 874, 875, 876, 877, 878, 879, 880, 881]"
147,"[0, 1, 2, 3, 4, 5, 6, 7, 8, 9, 10, 11]","[882, 883, 884, 885, 886, 887, 888, 889, 890, 891, 892, 893]","[0, 0, 0, 0, 0, 0, 0, 0, 0, 0, 0, 0]","[0, 0, 0, 0, 0, 0, 0, 0, 0, 0, 0, 0]","[1, 1, 1, 1, 1, 1, 1, 1, 1, 1, 1, 1]","[876, 877, 878, 879, 880, 881, 882, 883, 884, 885, 886, 887]"
148,"[0, 1, 2, 3, 4, 5, 6, 7, 8, 9, 10, 11]","[888, 889, 890, 891, 892, 893, 894, 895, 896, 897, 898, 899]","[0, 0, 0, 0, 0, 0, 0, 0, 0, 0, 0, 0]","[0, 0, 0, 0, 0, 0, 0, 0, 0, 0, 0, 0]","[1, 1, 1, 1, 1, 1, 1, 1, 1, 1, 1, 1]","[882, 883, 884, 885, 886, 887, 888, 889, 890, 891, 892, 893]"
149,"[0, 1, 2, 3, 4, 5, 6, 7, 8, 9, 10, 11]","[894, 895, 896, 897, 898, 899, 900, 901, 902, 903, 904, 905]","[0, 0, 0, 0, 0, 0, 0, 0, 0, 0, 0, 0]","[0, 0, 0, 0, 0, 0, 0, 0, 0, 0, 0, 0]","[1, 1, 1, 1, 1, 1, 1, 1, 1, 1, 1, 1]","[888, 889, 890, 891, 892, 893, 894, 895, 896, 897, 898, 899]"
150,"[0, 1, 2, 3, 4, 5, 6, 7, 8, 9, 10, 11]","[900, 901, 902, 903, 904, 905, 906, 907, 908, 909, 910, 911]","[0, 0, 0, 0, 0, 0, 0, 0, 0, 0, 0, 0]","[0, 0, 0, 0, 0, 0, 0, 0, 0, 0, 0, 0]","[1, 1, 1, 1, 1, 1, 1, 1, 1, 1, 1, 1]","[894, 895, 896, 897, 898, 899, 900, 901, 902, 903, 904, 905]"
151,"[0, 1, 2, 3, 4, 5, 6, 7, 8, 9, 10, 11]","[906, 907, 908, 909, 910, 911, 912, 913, 914, 915, 916, 917]","[0, 0, 0, 0, 0, 0, 0, 0, 0, 0, 0, 0]","[0, 0, 0, 0, 0, 0, 0, 0, 0, 0, 0, 0]","[1, 1, 1, 1, 1, 1, 1, 1, 1, 1, 1, 1]","[900, 901, 902, 903, 904, 905, 906, 907, 908, 909, 910, 911]"
152,"[0, 1, 2, 3, 4, 5, 6, 7, 8, 9, 10, 11]","[912, 913, 914, 915, 916, 917, 918, 919, 920, 921, 922, 923]","[0, 0, 0, 0, 0, 0, 0, 0, 0, 0, 0, 0]","[0, 0, 0, 0, 0, 0, 0, 0, 0, 0, 0, 0]","[1, 1, 1, 1, 1, 1, 1, 1, 1, 1, 1, 1]","[906, 907, 908, 909, 910, 911, 912, 913, 914, 915, 916, 917]"
153,"[0, 1, 2, 3, 4, 5, 6, 7, 8, 9, 10, 11]","[918, 919, 920, 921, 922, 923, 924, 925, 926, 927, 928, 929]","[0, 0, 0, 0, 0, 0, 0, 0, 0, 0, 0, 0]","[0, 0, 0, 0, 0, 0, 0, 0, 0, 0, 0, 0]","[1, 1, 1, 1, 1, 1, 1, 1, 1, 1, 1, 1]","[912, 913, 914, 915, 916, 917, 918, 919, 920, 921, 922, 923]"
154,"[0, 1, 2, 3, 4, 5, 6, 7, 8, 9, 10, 11]","[924, 925, 926, 927, 928, 929, 930, 931, 932, 933, 934, 935]","[0, 0, 0, 0, 0, 0, 0, 0, 0, 0, 0, 0]","[0, 0, 0, 0, 0, 0, 0, 0, 0, 0, 0, 0]","[1, 1, 1, 1, 1, 1, 1, 1, 1, 1, 1, 1]","[918, 919, 920, 921, 922, 923, 924, 925, 926, 927, 928, 929]"
155,"[0, 1, 2, 3, 4, 5, 6, 7, 8, 9, 10, 11]","[930, 931, 932, 933, 934, 935, 936, 937, 938, 939, 940, 941]","[0, 0, 0, 0, 0, 0, 0, 0, 0, 0, 0, 0]","[0, 0, 0, 0, 0, 0, 0, 0, 0, 0, 0, 0]","[1, 1, 1, 1, 1, 1, 1, 1, 1, 1, 1, 1]","[924, 925, 926, 927, 928, 929, 930, 931, 932, 933, 934, 935]"
156,"[0, 1, 2, 3, 4, 5, 6, 7, 8, 9, 10, 11]","[936, 937, 938, 939, 940, 941, 942, 943, 944, 945, 946, 947]","[0, 0, 0, 0, 0, 0, 0, 0, 0, 0, 0, 0]","[0, 0, 0, 0, 0, 0, 0, 0, 0, 0, 0, 0]","[1, 1, 1, 1, 1, 1, 1, 1, 1, 1, 1, 1]","[930, 931, 932, 933, 934, 935, 936, 937, 938, 939, 940, 941]"
157,"[0, 1, 2, 3, 4, 5, 6, 7, 8, 9, 10, 11]","[942, 943, 944, 945, 946, 947, 948, 949, 950, 951, 952, 953]","[0, 0, 0, 0, 0, 0, 0, 0, 0, 0, 0, 0]","[0, 0, 0, 0, 0, 0, 0, 0, 0, 0, 0, 0]","[1, 1, 1, 1, 1, 1, 1, 1, 1, 1, 1, 1]","[936, 937, 938, 939, 940, 941, 942, 943, 944, 945, 946, 947]"
158,"[0, 1, 2, 3, 4, 5, 6, 7, 8, 9, 10, 11]","[948, 949, 950, 951, 952, 953, 954, 955, 956, 957, 958, 959]","[0, 0, 0, 0, 0, 0, 0, 0, 0, 0, 0, 0]","[0, 0, 0, 0, 0, 0, 0, 0, 0, 0, 0, 0]","[1, 1, 1, 1, 1, 1, 1, 1, 1, 1, 1, 1]","[942, 943, 944, 945, 946, 947, 948, 949, 950, 951, 952, 953]"
159,"[0, 1, 2, 3, 4, 5, 6, 7, 8, 9, 10, 11]","[954, 955, 956, 957, 958, 959, 960, 961, 962, 963, 964, 965]","[0, 0, 0, 0, 0, 0, 0, 0, 0, 0, 0, 0]","[0, 0, 0, 0, 0, 0, 0, 0, 0, 0, 0, 0]","[1, 1, 1, 1, 1, 1, 1, 1, 1, 1, 1, 1]","[948, 949, 950, 951, 952, 953, 954, 955, 956, 957, 958, 959]"
160,"[0, 1, 2, 3, 4, 5, 6, 7, 8, 9, 10, 11]","[960, 961, 962, 963, 964, 965, 966, 967, 968, 969, 970, 971]","[0, 0, 0, 0, 0, 0, 0, 0, 0, 0, 0, 0]","[0, 0, 0, 0, 0, 0, 0, 0, 0, 0, 0, 0]","[1, 1, 1, 1, 1, 1, 1, 1, 1, 1, 1, 1]","[954, 955, 956, 957, 958, 959, 960, 961, 962, 963, 964, 965]"
161,"[0, 1, 2, 3, 4, 5, 6, 7, 8, 9, 10, 11]","[966, 967, 968, 969, 970, 971, 972, 973, 974, 975, 976, 977]","[0, 0, 0, 0, 0, 0, 0, 0, 0, 0, 0, 0]","[0, 0, 0, 0, 0, 0, 0, 0, 0, 0, 0, 0]","[1, 1, 1, 1, 1, 1, 1, 1, 1, 1, 1, 1]","[960, 961, 962, 963, 964, 965, 966, 967, 968, 969, 970, 971]"
162,"[0, 1, 2, 3, 4, 5, 6, 7, 8, 9, 10, 11]","[972, 973, 974, 975, 976, 977, 978, 979, 980, 981, 982, 983]","[0, 0, 0, 0, 0, 0, 0, 0, 0, 0, 0, 0]","[0, 0, 0, 0, 0, 0, 0, 0, 0, 0, 0, 0]","[1, 1, 1, 1, 1, 1, 1, 1, 1, 1, 1, 1]","[966, 967, 968, 969, 970, 971, 972, 973, 974, 975, 976, 977]"
163,"[0, 1, 2, 3, 4, 5, 6, 7, 8, 9, 10, 11]","[978, 979, 980, 981, 982, 983, 984, 985, 986, 987, 988, 989]","[0, 0, 0, 0, 0, 0, 0, 0, 0, 0, 0, 0]","[0, 0, 0, 0, 0, 0, 0, 0, 0, 0, 0, 0]","[1, 1, 1, 1, 1, 1, 1, 1, 1, 1, 1, 1]","[972, 973, 974, 975, 976, 977, 978, 979, 980, 981, 982, 983]"
164,"[0, 1, 2, 3, 4, 5, 6, 7, 8, 9, 10, 11]","[984, 985, 986, 987, 988, 989, 990, 991, 992, 993, 994, 995]","[0, 0, 0, 0, 0, 0, 0, 0, 0, 0, 0, 0]","[0, 0, 0, 0, 0, 0, 0, 0, 0, 0, 0, 0]","[1, 1, 1, 1, 1, 1, 1, 1, 1, 1, 1, 1]","[978, 979, 980, 981, 982, 983, 984, 985, 986, 987, 988, 989]"
165,"[0, 1, 2, 3, 4, 5, 6, 7, 8, 9, 10, 11]","[990, 991, 992, 993, 994, 995, 996, 997, 998, 999, 1000, 1001]","[0, 0, 0, 0, 0, 0, 0, 0, 0, 0, 0, 0]","[0, 0, 0, 0, 0, 0, 0, 0, 0, 0, 0, 0]","[1, 1, 1, 1, 1, 1, 1, 1, 1, 1, 1, 1]","[984, 985, 986, 987, 988, 989, 990, 991, 992, 993, 994, 995]"
166,"[0, 1, 2, 3, 4, 5, 6, 7, 8, 9, 10, 11]","[996, 997, 998, 999, 1000, 1001, 1002, 1003, 1004, 1005, 1006, 1007]","[0, 0, 0, 0, 0, 0, 0, 0, 0, 0, 0, 0]","[0, 0, 0, 0, 0, 0, 0, 0, 0, 0, 0, 0]","[1, 1, 1, 1, 1, 1, 1, 1, 1, 1, 1, 1]","[990, 991, 992, 993, 994, 995, 996, 997, 998, 999, 1000, 1001]"
167,"[0, 1, 2, 3, 4, 5, 6, 7, 8, 9, 10, 11]","[1002, 1003, 1004, 1005, 1006, 1007, 1008, 1009, 1010, 1011, 1012, 1013]","[0, 0, 0, 0, 0, 0, 0, 0, 0, 0, 0, 0]","[0, 0, 0, 0, 0, 0, 0, 0, 0, 0, 0, 0]","[1, 1, 1, 1, 1, 1, 1, 1, 1, 1, 1, 1]","[996, 997, 998, 999, 1000, 1001, 1002, 1003, 1004, 1005, 1006, 1007]"
168,"[0, 1, 2, 3, 4, 5, 6, 7, 8, 9, 10, 11]","[1008, 1009, 1010, 1011, 1012, 1013, 1014, 1015, 1016, 1017, 1018, 1019]","[0, 0, 0, 0, 0, 0, 0, 0, 0, 0, 0, 0]","[0, 0, 0, 0, 0, 0, 0, 0, 0, 0, 0, 0]","[1, 1, 1, 1, 1, 1, 1, 1, 1, 1, 1, 1]","[1002, 1003, 1004, 1005, 1006, 1007, 1008, 1009, 1010, 1011, 1012, 1013]"
169,"[0, 1, 2, 3, 4, 5, 6, 7, 8, 9, 10, 11]","[1014, 1015, 1016, 1017, 1018, 1019, 1020, 1021, 1022, 1023, 1024, 1025]","[0, 0, 0, 0, 0, 0, 0, 0, 0, 0, 0, 0]","[0, 0, 0, 0, 0, 0, 0, 0, 0, 0, 0, 0]","[1, 1, 1, 1, 1, 1, 1, 1, 1, 1, 1, 1]","[1008, 1009, 1010, 1011, 1012, 1013, 1014, 1015, 1016, 1017, 1018, 1019]"
170,"[0, 1, 2, 3, 4, 5, 6, 7, 8, 9, 10, 11]","[1020, 1021, 1022, 1023, 1024, 1025, 1026, 1027, 1028, 1029, 1030, 1031]","[0, 0, 0, 0, 0, 0, 0, 0, 0, 0, 0, 0]","[0, 0, 0, 0, 0, 0, 0, 0, 0, 0, 0, 0]","[1, 1, 1, 1, 1, 1, 1, 1, 1, 1, 1, 1]","[1014, 1015, 1016, 1017, 1018, 1019, 1020, 1021, 1022, 1023, 1024, 1025]"
171,"[0, 1, 2, 3, 4, 5, 6, 7, 8, 9, 10, 11]","[1026, 1027, 1028, 1029, 1030, 1031, 1032, 1033, 1034, 1035, 1036, 1037]","[0, 0, 0, 0, 0, 0, 0, 0, 0, 0, 0, 0]","[0, 0, 0, 0, 0, 0, 0, 0, 0, 0, 0, 0]","[1, 1, 1, 1, 1, 1, 1, 1, 1, 1, 1, 1]","[1020, 1021, 1022, 1023, 1024, 1025, 1026, 1027, 1028, 1029, 1030, 1031]"
172,"[0, 1, 2, 3, 4, 5, 6, 7, 8, 9, 10, 11]","[1032, 1033, 1034, 1035, 1036, 1037, 1038, 1039, 1040, 1041, 1042, 1043]","[0, 0, 0, 0, 0, 0, 0, 0, 0, 0, 0, 0]","[0, 0, 0, 0, 0, 0, 0, 0, 0, 0, 0, 0]","[1, 1, 1, 1, 1, 1, 1, 1, 1, 1, 1, 1]","[1026, 1027, 1028, 1029, 1030, 1031, 1032, 1033, 1034, 1035, 1036, 1037]"
173,"[0, 1, 2, 3, 4, 5, 6, 7, 8, 9, 10, 11]","[1038, 1039, 1040, 1041, 1042, 1043, 1044, 1045, 1046, 1047, 1048, 1049]","[0, 0, 0, 0, 0, 0, 0, 0, 0, 0, 0, 0]","[0, 0, 0, 0, 0, 0, 0, 0, 0, 0, 0, 0]","[1, 1, 1, 1, 1, 1, 1, 1, 1, 1, 1, 1]","[1032, 1033, 1034, 1035, 1036, 1037, 1038, 1039, 1040, 1041, 1042, 1043]"
174,"[0, 1, 2, 3, 4, 5, 6, 7, 8, 9, 10, 11]","[1044, 1045, 1046, 1047, 1048, 1049, 1050, 1051, 1052, 1053, 1054, 1055]","[0, 0, 0, 0, 0, 0, 0, 0, 0, 0, 0, 0]","[0, 0, 0, 0, 0, 0, 0, 0, 0, 0, 0, 0]","[1, 1, 1, 1, 1, 1, 1, 1, 1, 1, 1, 1]","[1038, 1039, 1040, 1041, 1042, 1043, 1044, 1045, 1046, 1047, 1048, 1049]"
175,"[0, 1, 2, 3, 4, 5, 6, 7, 8, 9, 10, 11]","[1050, 1051, 1052, 1053, 1054, 1055, 1056, 1057, 1058, 1059, 1060, 1061]","[0, 0, 0, 0, 0, 0, 0, 0, 0, 0, 0, 0]","[0, 0, 0, 0, 0, 0, 0, 0, 0, 0, 0, 0]","[1, 1, 1, 1, 1, 1, 1, 1, 1, 1, 1, 1]","[1044, 1045, 1046, 1047, 1048, 1049, 1050, 1051, 1052, 1053, 1054, 1055]"
176,"[0, 1, 2, 3, 4, 5, 6, 7, 8, 9, 10, 11]","[1056, 1057, 1058, 1059, 1060, 1061, 1062, 1063, 1064, 1065, 1066, 1067]","[0, 0, 0, 0, 0, 0, 0, 0, 0, 0, 0, 0]","[0, 0, 0, 0, 0, 0, 0, 0, 0, 0, 0, 0]","[1, 1, 1, 1, 1, 1, 1, 1, 1, 1, 1, 1]","[1050, 1051, 1052, 1053, 1054, 1055, 1056, 1057, 1058, 1059, 1060, 1061]"
177,"[0, 1, 2, 3, 4, 5, 6, 7, 8, 9, 10, 11]","[1062, 1063, 1064, 1065, 1066, 1067, 1068, 1069, 1070, 1071, 1072, 1073]","[0, 0, 0, 0, 0, 0, 0, 0, 0, 0, 0, 0]","[0, 0, 0, 0, 0, 0, 0, 0, 0, 0, 0, 0]","[1, 1, 1, 1, 1, 1, 1, 1, 1, 1, 1, 1]","[1056, 1057, 1058, 1059, 1060, 1061, 1062, 1063, 1064, 1065, 1066, 1067]"
178,"[0, 1, 2, 3, 4, 5, 6, 7, 8, 9, 10, 11]","[1068, 1069, 1070, 1071, 1072, 1073, 1074, 1075, 1076, 1077, 1078, 1079]","[0, 0, 0, 0, 0, 0, 0, 0, 0, 0, 0, 0]","[0, 0, 0, 0, 0, 0, 0, 0, 0, 0, 0, 0]","[1, 1, 1, 1, 1, 1, 1, 1, 1, 1, 1, 1]","[1062, 1063, 1064, 1065, 1066, 1067, 1068, 1069, 1070, 1071, 1072, 1073]"
179,"[0, 1, 2, 3, 4, 5, 6, 7, 8, 9, 10, 11]","[1074, 1075, 1076, 1077, 1078, 1079, 1080, 1081, 1082, 1083, 1084, 1085]","[0, 0, 0, 0, 0, 0, 0, 0, 0, 0, 0, 0]","[0, 0, 0, 0, 0, 0, 0, 0, 0, 0, 0, 0]","[1, 1, 1, 1, 1, 1, 1, 1, 1, 1, 1, 1]","[1068, 1069, 1070, 1071, 1072, 1073, 1074, 1075, 1076, 1077, 1078, 1079]"
180,"[0, 1, 2, 3, 4, 5, 6, 7, 8, 9, 10, 11]","[1080, 1081, 1082, 1083, 1084, 1085, 1086, 1087, 1088, 1089, 1090, 1091]","[0, 0, 0, 0, 0, 0, 0, 0, 0, 0, 0, 0]","[0, 0, 0, 0, 0, 0, 0, 0, 0, 0, 0, 0]","[1, 1, 1, 1, 1, 1, 1, 1, 1, 1, 1, 1]","[1074, 1075, 1076, 1077, 1078, 1079, 1080, 1081, 1082, 1083, 1084, 1085]"
181,"[0, 1, 2, 3, 4, 5, 6, 7, 8, 9, 10, 11]","[1086, 1087, 1088, 1089, 1090, 1091, 1092, 1093, 1094, 1095, 1096, 1097]","[0, 0, 0, 0, 0, 0, 0, 0, 0, 0, 0, 0]","[0, 0, 0, 0, 0, 0, 0, 0, 0, 0, 0, 0]","[1, 1, 1, 1, 1, 1, 1, 1, 1, 1, 1, 1]","[1080, 1081, 1082, 1083, 1084, 1085, 1086, 1087, 1088, 1089, 1090, 1091]"
182,"[0, 1, 2, 3, 4, 5, 6, 7, 8, 9, 10, 11]","[1092, 1093, 1094, 1095, 1096, 1097, 1098, 1099, 1100, 1101, 1102, 1103]","[0, 0, 0, 0, 0, 0, 0, 0, 0, 0, 0, 0]","[0, 0, 0, 0, 0, 0, 0, 0, 0, 0, 0, 0]","[1, 1, 1, 1, 1, 1, 1, 1, 1, 1, 1, 1]","[1086, 1087, 1088, 1089, 1090, 1091, 1092, 1093, 1094, 1095, 1096, 1097]"
183,"[0, 1, 2, 3, 4, 5, 6, 7, 8, 9, 10, 11]","[1098, 1099, 1100, 1101, 1102, 1103, 1104, 1105, 1106, 1107, 1108, 1109]","[0, 0, 0, 0, 0, 0, 0, 0, 0, 0, 0, 0]","[0, 0, 0, 0, 0, 0, 0, 0, 0, 0, 0, 0]","[1, 1, 1, 1, 1, 1, 1, 1, 1, 1, 1, 1]","[1092, 1093, 1094, 1095, 1096, 1097, 1098, 1099, 1100, 1101, 1102, 1103]"
184,"[0, 1, 2, 3, 4, 5, 6, 7, 8, 9, 10, 11]","[1104, 1105, 1106, 1107, 1108, 1109, 1110, 1111, 1112, 1113, 1114, 1115]","[0, 0, 0, 0, 0, 0, 0, 0, 0, 0, 0, 0]","[0, 0, 0, 0, 0, 0, 0, 0, 0, 0, 0, 0]","[1, 1, 1, 1, 1, 1, 1, 1, 1, 1, 1, 1]","[1098, 1099, 1100, 1101, 1102, 1103, 1104, 1105, 1106, 1107, 1108, 1109]"
185,"[0, 1, 2, 3, 4, 5, 6, 7, 8, 9, 10, 11]","[1110, 1111, 1112, 1113, 1114, 1115, 1116, 1117, 1118, 1119, 1120, 1121]","[0, 0, 0, 0, 0, 0, 0, 0, 0, 0, 0, 0]","[0, 0, 0, 0, 0, 0, 0, 0, 0, 0, 0, 0]","[1, 1, 1, 1, 1, 1, 1, 1, 1, 1, 1, 1]","[1104, 1105, 1106, 1107, 1108, 1109, 1110, 1111, 1112, 1113, 1114, 1115]"
186,"[0, 1, 2, 3, 4, 5, 6, 7, 8, 9, 10, 11]","[1116, 1117, 1118, 1119, 1120, 1121, 1122, 1123, 1124, 1125, 1126, 1127]","[0, 0, 0, 0, 0, 0, 0, 0, 0, 0, 0, 0]","[0, 0, 0, 0, 0, 0, 0, 0, 0, 0, 0, 0]","[1, 1, 1, 1, 1, 1, 1, 1, 1, 1, 1, 1]","[1110, 1111, 1112, 1113, 1114, 1115, 1116, 1117, 1118, 1119, 1120, 1121]"
187,"[0, 1, 2, 3, 4, 5, 6, 7, 8, 9, 10, 11]","[1122, 1123, 1124, 1125, 1126, 1127, 1128, 1129, 1130, 1131, 1132, 1133]","[0, 0, 0, 0, 0, 0, 0, 0, 0, 0, 0, 0]","[0, 0, 0, 0, 0, 0, 0, 0, 0, 0, 0, 0]","[1, 1, 1, 1, 1, 1, 1, 1, 1, 1, 1, 1]","[1116, 1117, 1118, 1119, 1120, 1121, 1122, 1123, 1124, 1125, 1126, 1127]"
188,"[0, 1, 2, 3, 4, 5, 6, 7, 8, 9, 10, 11]","[1128, 1129, 1130, 1131, 1132, 1133, 1134, 1135, 1136, 1137, 1138, 1139]","[0, 0, 0, 0, 0, 0, 0, 0, 0, 0, 0, 0]","[0, 0, 0, 0, 0, 0, 0, 0, 0, 0, 0, 0]","[1, 1, 1, 1, 1, 1, 1, 1, 1, 1, 1, 1]","[1122, 1123, 1124, 1125, 1126, 1127, 1128, 1129, 1130, 1131, 1132, 1133]"
189,"[0, 1, 2, 3, 4, 5, 6, 7, 8, 9, 10, 11]","[1134, 1135, 1136, 1137, 1138, 1139, 1140, 1141, 1142, 1143, 1144, 1145]","[0, 0, 0, 0, 0, 0, 0, 0, 0, 0, 0, 0]","[0, 0, 0, 0, 0, 0, 0, 0, 0, 0, 0, 0]","[1, 1, 1, 1, 1, 1, 1, 1, 1, 1, 1, 1]","[1128, 1129, 1130, 1131, 1132, 1133, 1134, 1135, 1136, 1137, 1138, 1139]"
190,"[0, 1, 2, 3, 4, 5, 6, 7, 8, 9, 10, 11]","[1140, 1141, 1142, 1143, 1144, 1145, 1146, 1147, 1148, 1149, 1150, 1151]","[0, 0, 0, 0, 0, 0, 0, 0, 0, 0, 0, 0]","[0, 0, 0, 0, 0, 0, 0, 0, 0, 0, 0, 0]","[1, 1, 1, 1, 1, 1, 1, 1, 1, 1, 1, 1]","[1134, 1135, 1136, 1137, 1138, 1139, 1140, 1141, 1142, 1143, 1144, 1145]"
191,"[0, 1, 2, 3, 4, 5, 6, 7, 8, 9, 10, 11]","[1146, 1147, 1148, 1149, 1150, 1151, 1152, 1153, 1154, 1155, 1156, 1157]","[0, 0, 0, 0, 0, 0, 0, 0, 0, 0, 0, 0]","[0, 0, 0, 0, 0, 0, 0, 0, 0, 0, 0, 0]","[1, 1, 1, 1, 1, 1, 1, 1, 1, 1, 1, 1]","[1140, 1141, 1142, 1143, 1144, 1145, 1146, 1147, 1148, 1149, 1150, 1151]"
192,"[0, 1, 2, 3, 4, 5, 6, 7, 8, 9, 10, 11]","[1152, 1153, 1154, 1155, 1156, 1157, 1158, 1159, 1160, 1161, 1162, 1163]","[0, 0, 0, 0, 0, 0, 0, 0, 0, 0, 0, 0]","[0, 0, 0, 0, 0, 0, 0, 0, 0, 0, 0, 0]","[1, 1, 1, 1, 1, 1, 1, 1, 1, 1, 1, 1]","[1146, 1147, 1148, 1149, 1150, 1151, 1152, 1153, 1154, 1155, 1156, 1157]"
193,"[0, 1, 2, 3, 4, 5, 6, 7, 8, 9, 10, 11]","[1158, 1159, 1160, 1161, 1162, 1163, 1164, 1165, 1166, 1167, 1168, 1169]","[0, 0, 0, 0, 0, 0, 0, 0, 0, 0, 0, 0]","[0, 0, 0, 0, 0, 0, 0, 0, 0, 0, 0, 0]","[1, 1, 1, 1, 1, 1, 1, 1, 1, 1, 1, 1]","[1152, 1153, 1154, 1155, 1156, 1157, 1158, 1159, 1160, 1161, 1162, 1163]"
194,"[0, 1, 2, 3, 4, 5, 6, 7, 8, 9, 10, 11]","[1164, 1165, 1166, 1167, 1168, 1169, 1170, 1171, 1172, 1173, 1174, 1175]","[0, 0, 0, 0, 0, 0, 0, 0, 0, 0, 0, 0]","[0, 0, 0, 0, 0, 0, 0, 0, 0, 0, 0, 0]","[1, 1, 1, 1, 1, 1, 1, 1, 1, 1, 1, 1]","[1158, 1159, 1160, 1161, 1162, 1163, 1164, 1165, 1166, 1167, 1168, 1169]"
195,"[0, 1, 2, 3, 4, 5, 6, 7, 8, 9, 10, 11]","[1170, 1171, 1172, 1173, 1174, 1175, 1176, 1177, 1178, 1179, 1180, 1181]","[0, 0, 0, 0, 0, 0, 0, 0, 0, 0, 0, 0]","[0, 0, 0, 0, 0, 0, 0, 0, 0, 0, 0, 0]","[1, 1, 1, 1, 1, 1, 1, 1, 1, 1, 1, 1]","[1164, 1165, 1166, 1167, 1168, 1169, 1170, 1171, 1172, 1173, 1174, 1175]"
196,"[0, 1, 2, 3, 4, 5, 6, 7, 8, 9, 10, 11]","[1176, 1177, 1178, 1179, 1180, 1181, 1182, 1183, 1184, 1185, 1186, 1187]","[0, 0, 0, 0, 0, 0, 0, 0, 0, 0, 0, 0]","[0, 0, 0, 0, 0, 0, 0, 0, 0, 0, 0, 0]","[1, 1, 1, 1, 1, 1, 1, 1, 1, 1, 1, 1]","[1170, 1171, 1172, 1173, 1174, 1175, 1176, 1177, 1178, 1179, 1180, 1181]"
197,"[0, 1, 2, 3, 4, 5, 6, 7, 8, 9, 10, 11]","[1182, 1183, 1184, 1185, 1186, 1187, 1188, 1189, 1190, 1191, 1192, 1193]","[0, 0, 0, 0, 0, 0, 0, 0, 0, 0, 0, 0]","[0, 0, 0, 0, 0, 0, 0, 0, 0, 0, 0, 0]","[1, 1, 1, 1, 1, 1, 1, 1, 1, 1, 1, 1]","[1176, 1177, 1178, 1179, 1180, 1181, 1182, 1183, 1184, 1185, 1186, 1187]"
198,"[0, 1, 2, 3, 4, 5, 6, 7, 8, 9, 10, 11]","[1188, 1189, 1190, 1191, 1192, 1193, 1194, 1195, 1196, 1197, 1198, 1199]","[0, 0, 0, 0, 0, 0, 0, 0, 0, 0, 0, 0]","[0, 0, 0, 0, 0, 0, 0, 0, 0, 0, 0, 0]","[1, 1, 1, 1, 1, 1, 1, 1, 1, 1, 1, 1]","[1182, 1183, 1184, 1185, 1186, 1187, 1188, 1189, 1190, 1191, 1192, 1193]"
199,"[0, 1, 2, 3, 4, 5, 6, 7, 8, 9, 10, 11]","[1194, 1195, 1196, 1197, 1198, 1199, 1200, 1201, 1202, 1203, 1204, 1205]","[0, 0, 0, 0, 0, 0, 0, 0, 0, 0, 0, 0]","[0, 0, 0, 0, 0, 0, 0, 0, 0, 0, 0, 0]","[1, 1, 1, 1, 1, 1, 1, 1, 1, 1, 1, 1]","[1188, 1189, 1190, 1191, 1192, 1193, 1194, 1195, 1196, 1197, 1198, 1199]"
200,"[0, 1, 2, 3, 4, 5, 6, 7, 8, 9, 10, 11]","[1200, 1201, 1202, 1203, 1204, 1205, 1206, 1207, 1208, 1209, 1210, 1211]","[0, 0, 0, 0, 0, 0, 0, 0, 0, 0, 0, 0]","[0, 0, 0, 0, 0, 0, 0, 0, 0, 0, 0, 0]","[1, 1, 1, 1, 1, 1, 1, 1, 1, 1, 1, 1]","[1194, 1195, 1196, 1197, 1198, 1199, 1200, 1201, 1202, 1203, 1204, 1205]"
201,"[0, 1, 2, 3, 4, 5, 6, 7, 8, 9, 10, 11]","[1206, 1207, 1208, 1209, 1210, 1211, 1212, 1213, 1214, 1215, 1216, 1217]","[0, 0, 0, 0, 0, 0, 0, 0, 0, 0, 0, 0]","[0, 0, 0, 0, 0, 0, 0, 0, 0, 0, 0, 0]","[1, 1, 1, 1, 1, 1, 1, 1, 1, 1, 1, 1]","[1200, 1201, 1202, 1203, 1204, 1205, 1206, 1207, 1208, 1209, 1210, 1211]"
202,"[0, 1, 2, 3, 4, 5, 6, 7, 8, 9, 10, 11]","[1212, 1213, 1214, 1215, 1216, 1217, 1218, 1219, 1220, 1221, 1222, 1223]","[0, 0, 0, 0, 0, 0, 0, 0, 0, 0, 0, 0]","[0, 0, 0, 0, 0, 0, 0, 0, 0, 0, 0, 0]","[1, 1, 1, 1, 1, 1, 1, 1, 1, 1, 1, 1]","[1206, 1207, 1208, 1209, 1210, 1211, 1212, 1213, 1214, 1215, 1216, 1217]"
203,"[0, 1, 2, 3, 4, 5, 6, 7, 8, 9, 10, 11]","[1218, 1219, 1220, 1221, 1222, 1223, 1224, 1225, 1226, 1227, 1228, 1229]","[0, 0, 0, 0, 0, 0, 0, 0, 0, 0, 0, 0]","[0, 0, 0, 0, 0, 0, 0, 0, 0, 0, 0, 0]","[1, 1, 1, 1, 1, 1, 1, 1, 1, 1, 1, 1]","[1212, 1213, 1214, 1215, 1216, 1217, 1218, 1219, 1220, 1221, 1222, 1223]"
204,"[0, 1, 2, 3, 4, 5, 6, 7, 8, 9, 10, 11]","[1224, 1225, 1226, 1227, 1228, 1229, 1230, 1231, 1232, 1233, 1234, 1235]","[0, 0, 0, 0, 0, 0, 0, 0, 0, 0, 0, 0]","[0, 0, 0, 0, 0, 0, 0, 0, 0, 0, 0, 0]","[1, 1, 1, 1, 1, 1, 1, 1, 1, 1, 1, 1]","[1218, 1219, 1220, 1221, 1222, 1223, 1224, 1225, 1226, 1227, 1228, 1229]"
205,"[0, 1, 2, 3, 4, 5, 6, 7, 8, 9, 10, 11]","[1230, 1231, 1232, 1233, 1234, 1235, 1236, 1237, 1238, 1239, 1240, 1241]","[0, 0, 0, 0, 0, 0, 0, 0, 0, 0, 0, 0]","[0, 0, 0, 0, 0, 0, 0, 0, 0, 0, 0, 0]","[1, 1, 1, 1, 1, 1, 1, 1, 1, 1, 1, 1]","[1224, 1225, 1226, 1227, 1228, 1229, 1230, 1231, 1232, 1233, 1234, 1235]"
206,"[0, 1, 2, 3, 4, 5, 6, 7, 8, 9, 10, 11]","[1236, 1237, 1238, 1239, 1240, 1241, 1242, 1243, 1244, 1245, 1246, 1247]","[0, 0, 0, 0, 0, 0, 0, 0, 0, 0, 0, 0]","[0, 0, 0, 0, 0, 0, 0, 0, 0, 0, 0, 0]","[1, 1, 1, 1, 1, 1, 1, 1, 1, 1, 1, 1]","[1230, 1231, 1232, 1233, 1234, 1235, 1236, 1237, 1238, 1239, 1240, 1241]"
207,"[0, 1, 2, 3, 4, 5, 6, 7, 8, 9, 10, 11]","[1242, 1243, 1244, 1245, 1246, 1247, 1248, 1249, 1250, 1251, 1252, 1253]","[0, 0, 0, 0, 0, 0, 0, 0, 0, 0, 0, 0]","[0, 0, 0, 0, 0, 0, 0, 0, 0, 0, 0, 0]","[1, 1, 1, 1, 1, 1, 1, 1, 1, 1, 1, 1]","[1236, 1237, 1238, 1239, 1240, 1241, 1242, 1243, 1244, 1245, 1246, 1247]"
208,"[0, 1, 2, 3, 4, 5, 6, 7, 8, 9, 10, 11]","[1248, 1249, 1250, 1251, 1252, 1253, 1254, 1255, 1256, 1257, 1258, 1259]","[0, 0, 0, 0, 0, 0, 0, 0, 0, 0, 0, 0]","[0, 0, 0, 0, 0, 0, 0, 0, 0, 0, 0, 0]","[1, 1, 1, 1, 1, 1, 1, 1, 1, 1, 1, 1]","[1242, 1243, 1244, 1245, 1246, 1247, 1248, 1249, 1250, 1251, 1252, 1253]"
209,"[0, 1, 2, 3, 4, 5, 6, 7, 8, 9, 10, 11]","[1254, 1255, 1256, 1257, 1258, 1259, 1260, 1261, 1262, 1263, 1264, 1265]","[0, 0, 0, 0, 0, 0, 0, 0, 0, 0, 0, 0]","[0, 0, 0, 0, 0, 0, 0, 0, 0, 0, 0, 0]","[1, 1, 1, 1, 1, 1, 1, 1, 1, 1, 1, 1]","[1248, 1249, 1250, 1251, 1252, 1253, 1254, 1255, 1256, 1257, 1258, 1259]"
210,"[0, 1, 2, 3, 4, 5, 6, 7, 8, 9, 10, 11]","[1260, 1261, 1262, 1263, 1264, 1265, 1266, 1267, 1268, 1269, 1270, 1271]","[0, 0, 0, 0, 0, 0, 0, 0, 0, 0, 0, 0]","[0, 0, 0, 0, 0, 0, 0, 0, 0, 0, 0, 0]","[1, 1, 1, 1, 1, 1, 1, 1, 1, 1, 1, 1]","[1254, 1255, 1256, 1257, 1258, 1259, 1260, 1261, 1262, 1263, 1264, 1265]"
211,"[0, 1, 2, 3, 4, 5, 6, 7, 8, 9, 10, 11]","[1266, 1267, 1268, 1269, 1270, 1271, 1272, 1273, 1274, 1275, 1276, 1277]","[0, 0, 0, 0, 0, 0, 0, 0, 0, 0, 0, 0]","[0, 0, 0, 0, 0, 0, 0, 0, 0, 0, 0, 0]","[1, 1, 1, 1, 1, 1, 1, 1, 1, 1, 1, 1]","[1260, 1261, 1262, 1263, 1264, 1265, 1266, 1267, 1268, 1269, 1270, 1271]"
212,"[0, 1, 2, 3, 4, 5, 6, 7, 8, 9, 10, 11]","[1272, 1273, 1274, 1275, 1276, 1277, 1278, 1279, 1280, 1281, 1282, 1283]","[0, 0, 0, 0, 0, 0, 0, 0, 0, 0, 0, 0]","[0, 0, 0, 0, 0, 0, 0, 0, 0, 0, 0, 0]","[1, 1, 1, 1, 1, 1, 1, 1, 1, 1, 1, 1]","[1266, 1267, 1268, 1269, 1270, 1271, 1272, 1273, 1274, 1275, 1276, 1277]"
213,"[0, 1, 2, 3, 4, 5, 6, 7, 8, 9, 10, 11]","[1278, 1279, 1280, 1281, 1282, 1283, 1284, 1285, 1286, 1287, 1288, 1289]","[0, 0, 0, 0, 0, 0, 0, 0, 0, 0, 0, 0]","[0, 0, 0, 0, 0, 0, 0, 0, 0, 0, 0, 0]","[1, 1, 1, 1, 1, 1, 1, 1, 1, 1, 1, 1]","[1272, 1273, 1274, 1275, 1276, 1277, 1278, 1279, 1280, 1281, 1282, 1283]"
214,"[0, 1, 2, 3, 4, 5, 6, 7, 8, 9, 10, 11]","[1284, 1285, 1286, 1287, 1288, 1289, 1290, 1291, 1292, 1293, 1294, 1295]","[0, 0, 0, 0, 0, 0, 0, 0, 0, 0, 0, 0]","[0, 0, 0, 0, 0, 0, 0, 0, 0, 0, 0, 0]","[1, 1, 1, 1, 1, 1, 1, 1, 1, 1, 1, 1]","[1278, 1279, 1280, 1281, 1282, 1283, 1284, 1285, 1286, 1287, 1288, 1289]"
215,"[0, 1, 2, 3, 4, 5, 6, 7, 8, 9, 10, 11]","[1290, 1291, 1292, 1293, 1294, 1295, 1296, 1297, 1298, 1299, 1300, 1301]","[0, 0, 0, 0, 0, 0, 0, 0, 0, 0, 0, 0]","[0, 0, 0, 0, 0, 0, 0, 0, 0, 0, 0, 0]","[1, 1, 1, 1, 1, 1, 1, 1, 1, 1, 1, 1]","[1284, 1285, 1286, 1287, 1288, 1289, 1290, 1291, 1292, 1293, 1294, 1295]"
216,"[0, 1, 2, 3, 4, 5, 6, 7, 8, 9, 10, 11]","[1296, 1297, 1298, 1299, 1300, 1301, 1302, 1303, 1304, 1305, 1306, 1307]","[0, 0, 0, 0, 0, 0, 0, 0, 0, 0, 0, 0]","[0, 0, 0, 0, 0, 0, 0, 0, 0, 0, 0, 0]","[1, 1, 1, 1, 1, 1, 1, 1, 1, 1, 1, 1]","[1290, 1291, 1292, 1293, 1294, 1295, 1296, 1297, 1298, 1299, 1300, 1301]"
217,"[0, 1, 2, 3, 4, 5, 6, 7, 8, 9, 10, 11]","[1302, 1303, 1304, 1305, 1306, 1307, 1308, 1309, 1310, 1311, 1312, 1313]","[0, 0, 0, 0, 0, 0, 0, 0, 0, 0, 0, 0]","[0, 0, 0, 0, 0, 0, 0, 0, 0, 0, 0, 0]","[1, 1, 1, 1, 1, 1, 1, 1, 1, 1, 1, 1]","[1296, 1297, 1298, 1299, 1300, 1301, 1302, 1303, 1304, 1305, 1306, 1307]"
218,"[0, 1, 2, 3, 4, 5, 6, 7, 8, 9, 10, 11]","[1308, 1309, 1310, 1311, 1312, 1313, 1314, 1315, 1316, 1317, 1318, 1319]","[0, 0, 0, 0, 0, 0, 0, 0, 0, 0, 0, 0]","[0, 0, 0, 0, 0, 0, 0, 0, 0, 0, 0, 0]","[1, 1, 1, 1, 1, 1, 1, 1, 1, 1, 1, 1]","[1302, 1303, 1304, 1305, 1306, 1307, 1308, 1309, 1310, 1311, 1312, 1313]"
219,"[0, 1, 2, 3, 4, 5, 6, 7, 8, 9, 10, 11]","[1314, 1315, 1316, 1317, 1318, 1319, 1320, 1321, 1322, 1323, 1324, 1325]","[0, 0, 0, 0, 0, 0, 0, 0, 0, 0, 0, 0]","[0, 0, 0, 0, 0, 0, 0, 0, 0, 0, 0, 0]","[1, 1, 1, 1, 1, 1, 1, 1, 1, 1, 1, 1]","[1308, 1309, 1310, 1311, 1312, 1313, 1314, 1315, 1316, 1317, 1318, 1319]"
220,"[0, 1, 2, 3, 4, 5, 6, 7, 8, 9, 10, 11]","[1320, 1321, 1322, 1323, 1324, 1325, 1326, 1327, 1328, 1329, 1330, 1331]","[0, 0, 0, 0, 0, 0, 0, 0, 0, 0, 0, 0]","[0, 0, 0, 0, 0, 0, 0, 0, 0, 0, 0, 0]","[1, 1, 1, 1, 1, 1, 1, 1, 1, 1, 1, 1]","[1314, 1315, 1316, 1317, 1318, 1319, 1320, 1321, 1322, 1323, 1324, 1325]"
221,"[0, 1, 2, 3, 4, 5, 6, 7, 8, 9, 10, 11]","[1326, 1327, 1328, 1329, 1330, 1331, 1332, 1333, 1334, 1335, 1336, 1337]","[0, 0, 0, 0, 0, 0, 0, 0, 0, 0, 0, 0]","[0, 0, 0, 0, 0, 0, 0, 0, 0, 0, 0, 0]","[1, 1, 1, 1, 1, 1, 1, 1, 1, 1, 1, 1]","[1320, 1321, 1322, 1323, 1324, 1325, 1326, 1327, 1328, 1329, 1330, 1331]"
222,"[0, 1, 2, 3, 4, 5, 6, 7, 8, 9, 10, 11]","[1332, 1333, 1334, 1335, 1336, 1337, 1338, 1339, 1340, 1341, 1342, 1343]","[0, 0, 0, 0, 0, 0, 0, 0, 0, 0, 0, 0]","[0, 0, 0, 0, 0, 0, 0, 0, 0, 0, 0, 0]","[1, 1, 1, 1, 1, 1, 1, 1, 1, 1, 1, 1]","[1326, 1327, 1328, 1329, 1330, 1331, 1332, 1333, 1334, 1335, 1336, 1337]"
223,"[0, 1, 2, 3, 4, 5, 6, 7, 8, 9, 10, 11]","[1338, 1339, 1340, 1341, 1342, 1343, 1344, 1345, 1346, 1347, 1348, 1349]","[0, 0, 0, 0, 0, 0, 0, 0, 0, 0, 0, 0]","[0, 0, 0, 0, 0, 0, 0, 0, 0, 0, 0, 0]","[1, 1, 1, 1, 1, 1, 1, 1, 1, 1, 1, 1]","[1332, 1333, 1334, 1335, 1336, 1337, 1338, 1339, 1340, 1341, 1342, 1343]"
224,"[0, 1, 2, 3, 4, 5, 6, 7, 8, 9, 10, 11]","[1344, 1345, 1346, 1347, 1348, 1349, 1350, 1351, 1352, 1353, 1354, 1355]","[0, 0, 0, 0, 0, 0, 0, 0, 0, 0, 0, 0]","[0, 0, 0, 0, 0, 0, 0, 0, 0, 0, 0, 0]","[1, 1, 1, 1, 1, 1, 1, 1, 1, 1, 1, 1]","[1338, 1339, 1340, 1341, 1342, 1343, 1344, 1345, 1346, 1347, 1348, 1349]"
225,"[0, 1, 2, 3, 4, 5, 6, 7, 8, 9, 10, 11]","[1350, 1351, 1352, 1353, 1354, 1355, 1356, 1357, 1358, 1359, 1360, 1361]","[0, 0, 0, 0, 0, 0, 0, 0, 0, 0, 0, 0]","[0, 0, 0, 0, 0, 0, 0, 0, 0, 0, 0, 0]","[1, 1, 1, 1, 1, 1, 1, 1, 1, 1, 1, 1]","[1344, 1345, 1346, 1347, 1348, 1349, 1350, 1351, 1352, 1353, 1354, 1355]"
226,"[0, 1, 2, 3, 4, 5, 6, 7, 8, 9, 10, 11]","[1356, 1357, 1358, 1359, 1360, 1361, 1362, 1363, 1364, 1365, 1366, 1367]","[0, 0, 0, 0, 0, 0, 0, 0, 0, 0, 0, 0]","[0, 0, 0, 0, 0, 0, 0, 0, 0, 0, 0, 0]","[1, 1, 1, 1, 1, 1, 1, 1, 1, 1, 1, 1]","[1350, 1351, 1352, 1353, 1354, 1355, 1356, 1357, 1358, 1359, 1360, 1361]"
227,"[0, 1, 2, 3, 4, 5, 6, 7, 8, 9, 10, 11]","[1362, 1363, 1364, 1365, 1366, 1367, 1368, 1369, 1370, 1371, 1372, 1373]","[0, 0, 0, 0, 0, 0, 0, 0, 0, 0, 0, 0]","[0, 0, 0, 0, 0, 0, 0, 0, 0, 0, 0, 0]","[1, 1, 1, 1, 1, 1, 1, 1, 1, 1, 1, 1]","[1356, 1357, 1358, 1359, 1360, 1361, 1362, 1363, 1364, 1365, 1366, 1367]"
228,"[0, 1, 2, 3, 4, 5, 6, 7, 8, 9, 10, 11]","[1368, 1369, 1370, 1371, 1372, 1373, 1374, 1375, 1376, 1377, 1378, 1379]","[0, 0, 0, 0, 0, 0, 0, 0, 0, 0, 0, 0]","[0, 0, 0, 0, 0, 0, 0, 0, 0, 0, 0, 0]","[1, 1, 1, 1, 1, 1, 1, 1, 1, 1, 1, 1]","[1362, 1363, 1364, 1365, 1366, 1367, 1368, 1369, 1370, 1371, 1372, 1373]"
229,"[0, 1, 2, 3, 4, 5, 6, 7, 8, 9, 10, 11]","[1374, 1375, 1376, 1377, 1378, 1379, 1380, 1381, 1382, 1383, 1384, 1385]","[0, 0, 0, 0, 0, 0, 0, 0, 0, 0, 0, 0]","[0, 0, 0, 0, 0, 0, 0, 0, 0, 0, 0, 0]","[1, 1, 1, 1, 1, 1, 1, 1, 1, 1, 1, 1]","[1368, 1369, 1370, 1371, 1372, 1373, 1374, 1375, 1376, 1377, 1378, 1379]"
230,"[0, 1, 2, 3, 4, 5, 6, 7, 8, 9, 10, 11]","[1380, 1381, 1382, 1383, 1384, 1385, 1386, 1387, 1388, 1389, 1390, 1391]","[0, 0, 0, 0, 0, 0, 0, 0, 0, 0, 0, 0]","[0, 0, 0, 0, 0, 0, 0, 0, 0, 0, 0, 0]","[1, 1, 1, 1, 1, 1, 1, 1, 1, 1, 1, 1]","[1374, 1375, 1376, 1377, 1378, 1379, 1380, 1381, 1382, 1383, 1384, 1385]"
231,"[0, 1, 2, 3, 4, 5, 6, 7, 8, 9, 10, 11]","[1386, 1387, 1388, 1389, 1390, 1391, 1392, 1393, 1394, 1395, 1396, 1397]","[0, 0, 0, 0, 0, 0, 0, 0, 0, 0, 0, 0]","[0, 0, 0, 0, 0, 0, 0, 0, 0, 0, 0, 0]","[1, 1, 1, 1, 1, 1, 1, 1, 1, 1, 1, 1]","[1380, 1381, 1382, 1383, 1384, 1385, 1386, 1387, 1388, 1389, 1390, 1391]"
232,"[0, 1, 2, 3, 4, 5, 6, 7, 8, 9, 10, 11]","[1392, 1393, 1394, 1395, 1396, 1397, 1398, 1399, 1400, 1401, 1402, 1403]","[0, 0, 0, 0, 0, 0, 0, 0, 0, 0, 0, 0]","[0, 0, 0, 0, 0, 0, 0, 0, 0, 0, 0, 0]","[1, 1, 1, 1, 1, 1, 1, 1, 1, 1, 1, 1]","[1386, 1387, 1388, 1389, 1390, 1391, 1392, 1393, 1394, 1395, 1396, 1397]"
233,"[0, 1, 2, 3, 4, 5, 6, 7, 8, 9, 10, 11]","[1398, 1399, 1400, 1401, 1402, 1403, 1404, 1405, 1406, 1407, 1408, 1409]","[0, 0, 0, 0, 0, 0, 0, 0, 0, 0, 0, 0]","[0, 0, 0, 0, 0, 0, 0, 0, 0, 0, 0, 0]","[1, 1, 1, 1, 1, 1, 1, 1, 1, 1, 1, 1]","[1392, 1393, 1394, 1395, 1396, 1397, 1398, 1399, 1400, 1401, 1402, 1403]"
234,"[0, 1, 2, 3, 4, 5, 6, 7, 8, 9, 10, 11]","[1404, 1405, 1406, 1407, 1408, 1409, 1410, 1411, 1412, 1413, 1414, 1415]","[0, 0, 0, 0, 0, 0, 0, 0, 0, 0, 0, 0]","[0, 0, 0, 0, 0, 0, 0, 0, 0, 0, 0, 0]","[1, 1, 1, 1, 1, 1, 1, 1, 1, 1, 1, 1]","[1398, 1399, 1400, 1401, 1402, 1403, 1404, 1405, 1406, 1407, 1408, 1409]"
235,"[0, 1, 2, 3, 4, 5, 6, 7, 8, 9, 10, 11]","[1410, 1411, 1412, 1413, 1414, 1415, 1416, 1417, 1418, 1419, 1420, 1421]","[0, 0, 0, 0, 0, 0, 0, 0, 0, 0, 0, 0]","[0, 0, 0, 0, 0, 0, 0, 0, 0, 0, 0, 0]","[1, 1, 1, 1, 1, 1, 1, 1, 1, 1, 1, 1]","[1404, 1405, 1406, 1407, 1408, 1409, 1410, 1411, 1412, 1413, 1414, 1415]"
236,"[0, 1, 2, 3, 4, 5, 6, 7, 8, 9, 10, 11]","[1416, 1417, 1418, 1419, 1420, 1421, 1422, 1423, 1424, 1425, 1426, 1427]","[0, 0, 0, 0, 0, 0, 0, 0, 0, 0, 0, 0]","[0, 0, 0, 0, 0, 0, 0, 0, 0, 0, 0, 0]","[1, 1, 1, 1, 1, 1, 1, 1, 1, 1, 1, 1]","[1410, 1411, 1412, 1413, 1414, 1415, 1416, 1417, 1418, 1419, 1420, 1421]"
237,"[0, 1, 2, 3, 4, 5, 6, 7, 8, 9, 10, 11]","[1422, 1423, 1424, 1425, 1426, 1427, 1428, 1429, 1430, 1431, 1432, 1433]","[0, 0, 0, 0, 0, 0, 0, 0, 0, 0, 0, 0]","[0, 0, 0, 0, 0, 0, 0, 0, 0, 0, 0, 0]","[1, 1, 1, 1, 1, 1, 1, 1, 1, 1, 1, 1]","[1416, 1417, 1418, 1419, 1420, 1421, 1422, 1423, 1424, 1425, 1426, 1427]"
238,"[0, 1, 2, 3, 4, 5, 6, 7, 8, 9, 10, 11]","[1428, 1429, 1430, 1431, 1432, 1433, 1434, 1435, 1436, 1437, 1438, 1439]","[0, 0, 0, 0, 0, 0, 0, 0, 0, 0, 0, 0]","[0, 0, 0, 0, 0, 0, 0, 0, 0, 0, 0, 0]","[1, 1, 1, 1, 1, 1, 1, 1, 1, 1, 1, 1]","[1422, 1423, 1424, 1425, 1426, 1427, 1428, 1429, 1430, 1431, 1432, 1433]"
239,"[0, 1, 2, 3, 4, 5, 6, 7, 8, 9, 10, 11]","[1434, 1435, 1436, 1437, 1438, 1439, 1440, 1441, 1442, 1443, 1444, 1445]","[0, 0, 0, 0, 0, 0, 0, 0, 0, 0, 0, 0]","[0, 0, 0, 0, 0, 0, 0, 0, 0, 0, 0, 0]","[1, 1, 1, 1, 1, 1, 1, 1, 1, 1, 1, 1]","[1428, 1429, 1430, 1431, 1432, 1433, 1434, 1435, 1436, 1437, 1438, 1439]"
240,"[0, 1, 2, 3, 4, 5, 6, 7, 8, 9, 10, 11]","[1440, 1441, 1442, 1443, 1444, 1445, 1446, 1447, 1448, 1449, 1450, 1451]","[0, 0, 0, 0, 0, 0, 0, 0, 0, 0, 0, 0]","[0, 0, 0, 0, 0, 0, 0, 0, 0, 0, 0, 0]","[1, 1, 1, 1, 1, 1, 1, 1, 1, 1, 1, 1]","[1434, 1435, 1436, 1437, 1438, 1439, 1440, 1441, 1442, 1443, 1444, 1445]"
241,"[0, 1, 2, 3, 4, 5, 6, 7, 8, 9, 10, 11]","[1446, 1447, 1448, 1449, 1450, 1451, 1452, 1453, 1454, 1455, 1456, 1457]","[0, 0, 0, 0, 0, 0, 0, 0, 0, 0, 0, 0]","[0, 0, 0, 0, 0, 0, 0, 0, 0, 0, 0, 0]","[1, 1, 1, 1, 1, 1, 1, 1, 1, 1, 1, 1]","[1440, 1441, 1442, 1443, 1444, 1445, 1446, 1447, 1448, 1449, 1450, 1451]"
242,"[0, 1, 2, 3, 4, 5, 6, 7, 8, 9, 10, 11]","[1452, 1453, 1454, 1455, 1456, 1457, 1458, 1459, 1460, 1461, 1462, 1463]","[0, 0, 0, 0, 0, 0, 0, 0, 0, 0, 0, 0]","[0, 0, 0, 0, 0, 0, 0, 0, 0, 0, 0, 0]","[1, 1, 1, 1, 1, 1, 1, 1, 1, 1, 1, 1]","[1446, 1447, 1448, 1449, 1450, 1451, 1452, 1453, 1454, 1455, 1456, 1457]"
243,"[0, 1, 2, 3, 4, 5, 6, 7, 8, 9, 10, 11]","[1458, 1459, 1460, 1461, 1462, 1463, 1464, 1465, 1466, 1467, 1468, 1469]","[0, 0, 0, 0, 0, 0, 0, 0, 0, 0, 0, 0]","[0, 0, 0, 0, 0, 0, 0, 0, 0, 0, 0, 0]","[1, 1, 1, 1, 1, 1, 1, 1, 1, 1, 1, 1]","[1452, 1453, 1454, 1455, 1456, 1457, 1458, 1459, 1460, 1461, 1462, 1463]"
244,"[0, 1, 2, 3, 4, 5, 6, 7, 8, 9, 10, 11]","[1464, 1465, 1466, 1467, 1468, 1469, 1470, 1471, 1472, 1473, 1474, 1475]","[0, 0, 0, 0, 0, 0, 0, 0, 0, 0, 0, 0]","[0, 0, 0, 0, 0, 0, 0, 0, 0, 0, 0, 0]","[1, 1, 1, 1, 1, 1, 1, 1, 1, 1, 1, 1]","[1458, 1459, 1460, 1461, 1462, 1463, 1464, 1465, 1466, 1467, 1468, 1469]"
245,"[0, 1, 2, 3, 4, 5, 6, 7, 8, 9, 10, 11]","[1470, 1471, 1472, 1473, 1474, 1475, 1476, 1477, 1478, 1479, 1480, 1481]","[0, 0, 0, 0, 0, 0, 0, 0, 0, 0, 0, 0]","[0, 0, 0, 0, 0, 0, 0, 0, 0, 0, 0, 0]","[1, 1, 1, 1, 1, 1, 1, 1, 1, 1, 1, 1]","[1464, 1465, 1466, 1467, 1468, 1469, 1470, 1471, 1472, 1473, 1474, 1475]"
246,"[0, 1, 2, 3, 4, 5, 6, 7, 8, 9, 10, 11]","[1476, 1477, 1478, 1479, 1480, 1481, 1482, 1483, 1484, 1485, 1486, 1487]","[0, 0, 0, 0, 0, 0, 0, 0, 0, 0, 0, 0]","[0, 0, 0, 0, 0, 0, 0, 0, 0, 0, 0, 0]","[1, 1, 1, 1, 1, 1, 1, 1, 1, 1, 1, 1]","[1470, 1471, 1472, 1473, 1474, 1475, 1476, 1477, 1478, 1479, 1480, 1481]"
247,"[0, 1, 2, 3, 4, 5, 6, 7, 8, 9, 10, 11]","[1482, 1483, 1484, 1485, 1486, 1487, 1488, 1489, 1490, 1491, 1492, 1493]","[0, 0, 0, 0, 0, 0, 0, 0, 0, 0, 0, 0]","[0, 0, 0, 0, 0, 0, 0, 0, 0, 0, 0, 0]","[1, 1, 1, 1, 1, 1, 1, 1, 1, 1, 1, 1]","[1476, 1477, 1478, 1479, 1480, 1481, 1482, 1483, 1484, 1485, 1486, 1487]"
248,"[0, 1, 2, 3, 4, 5, 6, 7, 8, 9, 10, 11]","[1488, 1489, 1490, 1491, 1492, 1493, 1494, 1495, 1496, 1497, 1498, 1499]","[0, 0, 0, 0, 0, 0, 0, 0, 0, 0, 0, 0]","[0, 0, 0, 0, 0, 0, 0, 0, 0, 0, 0, 0]","[1, 1, 1, 1, 1, 1, 1, 1, 1, 1, 1, 1]","[1482, 1483, 1484, 1485, 1486, 1487, 1488, 1489, 1490, 1491, 1492, 1493]"
249,"[0, 1, 2, 3, 4, 5, 6, 7, 8, 9, 10, 11]","[1494, 1495, 1496, 1497, 1498, 1499, 1500, 1501, 1502, 1503, 1504, 1505]","[0, 0, 0, 0, 0, 0, 0, 0, 0, 0, 0, 0]","[0, 0, 0, 0, 0, 0, 0, 0, 0, 0, 0, 0]","[1, 1, 1, 1, 1, 1, 1, 1, 1, 1, 1, 1]","[1488, 1489, 1490, 1491, 1492, 1493, 1494, 1495, 1496, 1497, 1498, 1499]"
